dt,SMA_fast,SMA_slow,SMA_crossover,EMA_10,EMA_88,CrossOver_y,BBANDS_mid,BBANDS_top,BBANDS_bot,close,return,return_shifted,BBANDS_signal,real_close,ideal_signal_(d+1)
2022-10-16,246.9069941217188,265.0470603135581,0.0,248.19563869259213,275.88985086830223,0.0,5.517165712291129,5.537101103539761,5.496824803361661,5.5090117237008975,-3.626896643904587e-05,0.0011028069438827,-1,246.9069941217188,1
2022-10-17,247.1794350666007,264.2236400424262,0.0,248.0108743969573,275.2446729851179,0.0,5.515875372810967,5.5342773786779,5.497128374656152,5.51011453064478,0.0011028069438827,0.0003123879110802,-1,247.1794350666007,1
2022-10-18,247.256662995891,263.42348173188844,0.0,247.87374505130884,274.61572894041615,0.0,5.51471295600466,5.5312192574283765,5.497929617338456,5.5104269185558605,0.0003123879110802,0.0019970898261956,-1,247.256662995891,1
2022-10-19,247.75095016567485,262.65921869743823,0.0,247.85141870846627,274.01202604660176,0.0,5.513811623245325,5.528023409424571,5.49939494684543,5.512424008382056,0.0019970898261956,-0.0017637842459903,-1,247.75095016567485,-1
2022-10-20,247.31435608490887,261.88541194487226,0.0,247.75377095872847,273.41207840701315,0.0,5.512974384894813,5.525465058002511,5.500325719360587,5.510660224136066,-0.0017637842459903,0.0,-1,247.31435608490887,0
2022-10-21,247.31435608490887,261.10150826956163,0.0,247.6738773453068,272.82561273685354,0.0,5.512131991234656,5.52195573775146,5.50221078046653,5.510660224136066,0.0,-0.0007019380122672,-1,247.31435608490887,-1
2022-10-22,247.14081765113056,260.3260458555687,0.0,247.57695740091108,272.2484263304328,0.0,5.511342064131699,5.517969814588905,5.50467009335417,5.509958286123799,-0.0007019380122672,-0.0010522229969165,-1,247.14081765113056,-1
2022-10-23,246.88090716519707,259.54913942544806,0.0,247.45040281259944,271.67836971997804,0.0,5.510783305982848,5.515926405674319,5.505613618011857,5.508906063126882,-0.0010522229969165,-0.0005928012449745,-1,246.88090716519707,-1
2022-10-24,246.73459922611792,258.8040616456675,0.0,247.3202567059664,271.11783555157666,0.0,5.5103211492717925,5.5145900407034825,5.506033956250636,5.508313261881908,-0.0005928012449745,-0.0003506300818925,-1,246.73459922611792,-1
2022-10-25,246.64810181856828,258.0742454597562,0.0,247.1980467264395,270.5679538946551,0.0,5.509892338793074,5.513303758405656,5.506469241548052,5.507962631800015,-0.0003506300818925,0.0,-1,246.64810181856828,0
2022-10-26,246.64810181856828,257.40467464600664,0.0,247.09805674319017,270.0304291289003,0.0,5.50971151163911,5.513384882283516,5.506024597577536,5.507962631800015,0.0,-0.0002999368740272,-1,246.64810181856828,-1
2022-10-27,246.574134051309,256.7972326909448,0.0,247.00279807193905,269.50332137434765,0.0,5.509477939241048,5.513316457678759,5.505624629785715,5.507662694925988,-0.0002999368740272,3.813802643737319e-05,-1,246.574134051309,1
2022-10-28,246.5835380814765,256.19748129083774,0.0,246.926568982764,268.98827006439546,0.0,5.509344640958954,5.513417608625683,5.505255016360345,5.507700832952425,3.813802643737319e-05,-0.0007512890329142,-1,246.5835380814765,-1
2022-10-29,246.3983521464102,255.626707669482,0.0,246.8305295579724,268.4806314594969,0.0,5.509194942126986,5.513666393896615,5.50470340663944,5.506949543919511,-0.0007512890329142,0.0001437322368271,-1,246.3983521464102,1
2022-10-30,246.433770078003,255.0937325384853,0.0,246.7583914707052,267.9851963722723,0.0,5.509058057231928,5.513814649533876,5.504278731583325,5.507093276156338,0.0001437322368271,0.0002378927013966,-1,246.433770078003,1
2022-10-31,246.4924018470407,254.6342725370825,0.0,246.710029720948,267.5022122256379,0.0,5.508859292491106,5.5137037183818,5.503991283846956,5.507331168857735,0.0002378927013966,-0.0037158503207841,-1,246.4924018470407,-1
2022-11-01,245.5781725980288,254.18188036673527,0.0,246.50423751678085,267.0095371778264,0.0,5.50837352425637,5.514478541719063,5.5022310064983095,5.503615318536951,-0.0037158503207841,-0.0007252600998546,-1,245.5781725980288,-1
2022-11-02,245.400129119768,253.72826388647417,0.0,246.30349053550577,266.5239325023644,0.0,5.507692781354475,5.514154385044077,5.5011891536529545,5.502890058437096,-0.0007252600998546,0.0016257373868269,-1,245.400129119768,1
2022-11-03,245.7994097591995,253.27531892273063,0.0,246.21183948526823,266.0582128901584,0.0,5.507253842588495,5.513645567534312,5.50082100054483,5.504515795823923,0.0016257373868269,7.266296424024432e-05,-1,245.7994097591995,1
2022-11-04,245.8172709218358,252.8266723811581,0.0,246.1400997464624,265.60336026165675,0.0,5.506819889538975,5.512845201658373,5.500758052850341,5.504588458788163,7.266296424024432e-05,-3.0296411196673038e-05,-1,245.8172709218358,-1
2022-11-05,245.80982365352992,252.36515651467903,0.0,246.0800495477473,265.1585616861932,0.0,5.506433922356673,5.512086933356443,5.500748773059319,5.504558162376966,-3.0296411196673038e-05,0.0007415565651971,-1,245.80982365352992,1
2022-11-06,245.99217314492512,251.91751397430107,0.0,246.0640720199615,264.72785632571527,0.0,5.506176120594458,5.511495049518445,5.500828749315293,5.505299718942164,0.0007415565651971,-0.0004401669842026,-1,245.99217314492512,-1
2022-11-07,245.8839193385581,251.47840777906544,0.0,246.03131698697905,264.3043970675769,0.0,5.505929295211161,5.511022868464676,5.500809644585484,5.504859551957961,-0.0004401669842026,-0.0054529229031707,-1,245.8839193385581,-1
2022-11-08,244.5467822492471,251.02762267741045,0.0,245.76140158011867,263.8604057233447,0.0,5.505319334582636,5.512173128957926,5.498418241346913,5.49940662905479,-0.0054529229031707,-0.0005849888211937,-1,244.5467822492471,-1
2022-11-09,244.40376695062648,250.5949395366691,0.0,245.514558920211,263.4231778857555,0.0,5.504667449023643,5.51276012261939,5.49650874937136,5.498821640233596,-0.0005849888211937,9.977076866363176e-05,-1,244.40376695062648,1
2022-11-10,244.42815251878264,250.18260489554527,0.0,245.31703048358764,262.9963233831269,0.0,5.504043733321128,5.512833408914054,5.49517611372238,5.49892141100226,9.977076866363176e-05,0.0,-1,244.42815251878264,0
2022-11-11,244.42815251878264,249.80296260440613,0.0,245.15541630816853,262.57906111651243,0.0,5.503416892570592,5.512467692632907,5.494283426765941,5.49892141100226,0.0,-0.0011906521841407,-1,244.42815251878264,-1
2022-11-12,244.13729679348387,249.4297458521573,0.0,244.9703036691349,262.164639446332,0.0,5.502758897796138,5.512279245913172,5.4931470407562175,5.497730758818119,-0.0011906521841407,0.001452532327189,-1,244.13729679348387,1
2022-11-13,244.49217178065,249.08542215859143,0.0,244.88337059850133,261.7675053414852,0.0,5.502193523205904,5.511359276416168,5.492942981211571,5.499183291145308,0.001452532327189,0.0021966875042433,-1,244.49217178065,1
2022-11-14,245.029835002121,248.8074005582513,0.0,244.9100004900685,261.3913779181286,0.0,5.501767426746649,5.5098938394988535,5.493574433984175,5.501379978649552,0.0021966875042433,0.0029963415337341,-1,245.029835002121,1
2022-11-15,245.76512911976783,248.57130532901604,0.0,245.0654784227411,261.04022625973846,0.0,5.501821903788894,5.51007816074431,5.493496913178155,5.504376320183286,0.0029963415337341,-0.0033946375056492,-1,245.76512911976783,-1
2022-11-16,244.93226003898795,248.348811885167,0.0,245.04125689842232,260.6782494907328,0.0,5.501685566384452,5.509916095777526,5.493386732808921,5.5009816826776365,-0.0033946375056492,0.0005169394622788,-1,244.93226003898795,1
2022-11-17,245.0589079216112,248.13074562617305,0.0,245.04446617536573,260.3272530509773,0.0,5.501469745590285,5.509361169180735,5.493515551758648,5.501498622139915,0.0005169394622788,0.0004835417350612,-1,245.0589079216112,1
2022-11-18,245.17743278468933,247.92530880600907,0.0,245.06864192251544,259.98680765173486,0.0,5.501283225921567,5.508763370500605,5.493746706825226,5.501982163874977,0.0004835417350612,-3.1791282381732344e-05,-1,245.17743278468933,-1
2022-11-19,245.1696384035875,247.72322342363307,0.0,245.087004919074,259.65383755627084,0.0,5.501096570241352,5.508103803710565,5.494039888753678,5.501950372592595,-3.1791282381732344e-05,0.0,-1,245.1696384035875,0
2022-11-20,245.1696384035875,247.5252464743566,0.0,245.1020291889855,259.3283499348622,0.0,5.500856696661493,5.507003112567043,5.494672268568333,5.501950372592595,0.0,0.0006781739315426,-1,245.1696384035875,1
2022-11-21,245.3359624531012,247.34302019987496,0.0,245.14456250973384,259.0139142611148,0.0,5.500696865538762,5.506110909918392,5.49525334965015,5.502628546524138,0.0006781739315426,-0.0003970120691674,-1,245.3359624531012,-1
2022-11-22,245.23858044720149,247.1864580460763,0.0,245.1616566801825,258.7043561978808,0.0,5.500898648865562,5.506319024103084,5.49544873296613,5.50223153445497,-0.0003970120691674,-0.0005425813801371,-1,245.23858044720149,-1
2022-11-23,245.1055546516828,247.05577261025545,0.0,245.1514563113643,258.3987651518988,0.0,5.501103304331063,5.506265529625031,5.495914292127251,5.501688953074833,-0.0005425813801371,0.0,-1,245.1055546516828,0
2022-11-24,245.1055546516828,246.9262396644154,0.0,245.14311055505857,258.10004132043326,0.0,5.501300808754301,5.50614630814196,5.496431716134951,5.501688953074833,0.0,0.0,-1,245.1055546516828,0
2022-11-25,245.1055546516828,246.80172643819856,0.0,245.13628220899025,257.80803038405685,0.0,5.501498274177245,5.50592693797187,5.497049910041084,5.501688953074833,0.0,-0.0021561930405029,-1,245.1055546516828,-1
2022-11-26,244.5776291197678,246.6708514753912,0.0,245.03470892004069,257.5107179960953,0.0,5.501626611898224,5.505216919981654,5.4980233670417125,5.49953276003433,-0.0021561930405029,0.0,-1,244.5776291197678,0
2022-11-27,244.5776291197678,246.5431434305196,0.0,244.95160350180925,257.2200867853913,0.0,5.501651517087304,5.505097336448497,5.498193782987174,5.49953276003433,0.0,0.0,-1,244.5776291197678,0
2022-11-28,244.5776291197678,246.41643382698527,0.0,244.88360815961988,256.93598661313007,0.0,5.50151972179575,5.505332728545986,5.497692120357643,5.49953276003433,0.0,0.0010386669180544,-1,244.5776291197678,1
2022-11-29,244.83179578643447,246.3009282148904,0.0,244.87418772813163,256.6639823248897,0.0,5.501247647093468,5.504284461737777,5.49820158210727,5.500571426952384,0.0010386669180544,-0.002112206821538,-1,244.83179578643447,-1
2022-11-30,244.3152061613703,246.18364641039244,0.0,244.7725547159932,256.38648173694537,0.0,5.501067729919294,5.50478947742721,5.497332079246689,5.498459220130846,-0.002112206821538,-0.0006170790527741,-1,244.3152061613703,-1
2022-12-01,244.1644908717805,246.0754918933484,0.0,244.66199765340903,256.1118302568293,0.0,5.50080688323844,5.505252190276609,5.496341727177775,5.497842141078072,-0.0006170790527741,-7.908280085899833e-05,-1,244.1644908717805,-1
2022-12-02,244.1451824234652,245.96671680705563,0.0,244.56803124796468,255.84291682237168,0.0,5.500505754419991,5.505402548871109,5.495584863328294,5.497763058277213,-7.908280085899833e-05,-0.0017896368800949,-1,244.1451824234652,-1
2022-12-03,243.70864194188792,245.85653525613336,0.0,244.4117786468598,255.5702364879788,0.0,5.500079396425387,5.505918306784373,5.494206192859256,5.495973421397118,-0.0017896368800949,-0.0008191121468685,-1,243.70864194188792,-1
2022-12-04,243.50909896817024,245.7617632603676,0.0,244.24765506891623,255.29919968978083,0.0,5.499594585612551,5.506316176437125,5.492827509096142,5.49515430925025,-0.0008191121468685,0.0001275927383659,-1,243.50909896817024,1
2022-12-05,243.5401709431616,245.6761484863457,0.0,244.11902159150628,255.0349518527781,0.0,5.49907002195399,5.50604780947196,5.492043202583181,5.495281901988616,0.0001275927383659,0.0001938482554217,-1,243.5401709431616,1
2022-12-06,243.5873853564921,245.59499475839525,0.0,244.0223604578673,254.7777031674684,0.0,5.498587453007766,5.505549734979171,5.491576357614744,5.495475750244037,0.0001938482554217,-0.0002017439402308,-1,243.5873853564921,-1
2022-12-07,243.53824803432488,245.5282909592156,0.0,243.93434001722324,254.52513114200443,0.0,5.498129185305442,5.505019026643218,5.4911915445330886,5.495274006303807,-0.0002017439402308,0.0032096087820754,-1,243.53824803432488,1
2022-12-08,244.32116629253727,245.4736333194088,0.0,244.00467206728032,254.2958285611175,0.0,5.497899757655397,5.504145049295893,5.49161521709792,5.498483615085882,0.0032096087820754,0.0012617582594263,-1,244.32116629253727,1
2022-12-09,244.62963510767275,245.4305108370151,0.0,244.118301710988,254.07861073070305,0.0,5.497760529134291,5.503402430779169,5.49208661574272,5.499745373345308,0.0012617582594263,0.0013981135851128,-1,244.62963510767275,1
2022-12-10,244.9718943267181,245.3957955688208,0.0,244.27350036839343,253.8739654182539,0.0,5.497875871355452,5.503959970886916,5.491754528851341,5.501143486930421,0.0013981135851128,0.0001026122606555,-1,244.9718943267181,1
2022-12-11,244.9970327363245,245.3616891155102,0.0,244.40505170801725,253.6744837849521,0.0,5.497998553212695,5.504508405017032,5.491446045401937,5.501246099191077,0.0001026122606555,0.0012104804687584,-1,244.9970327363245,1
2022-12-12,245.293776424341,245.3280166397556,0.0,244.56663802007608,253.4861532824665,0.0,5.49820800227035,5.505499518663082,5.490862928915821,5.502456579659835,0.0012104804687584,0.0124509381461423,-1,245.293776424341,1
2022-12-13,248.36700665960728,245.34784420517903,1.0,245.25761413635448,253.3711162797056,0.0,5.499241290537043,5.5140368861221045,5.484223493587404,5.514907517805978,0.0124509381461423,-0.0008989525454685,-1,248.36700665960728,-1
2022-12-14,248.1438368313317,245.3548600384944,0.0,245.7823818990776,253.2536493258096,0.0,5.500359137962991,5.518947355194644,5.481418844105336,5.514008565260509,-0.0008989525454685,-5.067283970117131e-05,-1,248.1438368313317,-1
2022-12-15,248.13126299704368,245.3694476619253,0.0,246.20945118961689,253.1385395206687,0.0,5.501516002107527,5.522630425891906,5.479946125522568,5.513957892420808,-5.067283970117131e-05,0.0,-1,248.13126299704368,0
2022-12-16,248.13126299704368,245.3840352853563,0.0,246.5588715182399,253.02601645272205,0.0,5.502677150782815,5.525516313139495,5.479304144800343,5.513957892420808,0.0,-0.0008538161326905,-1,248.13126299704368,-1
2022-12-17,247.91949494002864,245.39794023694373,0.0,246.80625759492875,252.911263160302,0.0,5.503902313167828,5.527305989778117,5.4799377514919225,5.513104076288117,-0.0008538161326905,0.0018664637622043,-1,247.91949494002864,1
2022-12-18,248.3826597990308,245.42475724826224,0.0,247.0928761774928,252.80949679263293,0.0,5.505318421283549,5.528951273862961,5.481113510343373,5.514970540050322,0.0018664637622043,0.0009233274768485,-1,248.3826597990308,1
2022-12-19,248.6121042434752,245.45828412357216,0.0,247.3690994622168,252.715173364562,0.0,5.506790044018047,5.530163811732116,5.482856841099609,5.51589386752717,0.0009233274768485,0.0025239731558217,-1,248.6121042434752,1
2022-12-20,249.24038707175808,245.50457493166485,0.0,247.70933357304247,252.6370882793304,0.0,5.508427715883115,5.531397549590075,5.484917839933059,5.518417840682992,0.0025239731558217,0.0004922840487768,-1,249.24038707175808,1
2022-12-21,249.36311434448533,245.5530572981991,0.0,248.0100209860321,252.5635158313563,0.0,5.510112376001523,5.531657431168195,5.48809289106129,5.518910124731769,0.0004922840487768,0.0,-1,249.36311434448533,0
2022-12-22,249.36311434448533,245.6028605177201,0.0,248.25603796029628,252.4915966968199,0.0,5.511568313529036,5.531813424377764,5.4909048540692105,5.518910124731769,0.0,-6.370292165236435e-05,-1,249.36311434448533,-1
2022-12-23,249.347229691504,245.65221215361345,0.0,248.45443645687948,252.42093676411616,0.0,5.512928672245397,5.53136248196848,5.494148665463458,5.5188464218101165,-6.370292165236435e-05,0.0002403438693514,-1,249.347229691504,1
2022-12-24,249.4071659718703,245.70594097192523,0.0,248.6276600050596,252.35321157777355,0.0,5.514205935161859,5.530415215444972,5.497729579060746,5.519086765679468,0.0002403438693514,0.0003796457779827,-1,249.4071659718703,1
2022-12-25,249.50187032534657,245.76072847634208,0.0,248.7866073360209,252.2891364934493,0.0,5.515501563744139,5.528179769864047,5.502660554452958,5.519466411457451,0.0003796457779827,-0.0017418258030685,-1,249.50187032534657,-1
2022-12-26,249.0676597990308,245.8067152254848,0.0,248.83770778384087,252.2167437587433,0.0,5.516585673150292,5.523439798713287,5.509684244139828,5.517724585654382,-0.0017418258030685,0.0,-1,249.0676597990308,0
2022-12-27,249.0676597990308,245.86902749693124,0.0,248.8795172411481,252.1459778270644,0.0,5.516786817872207,5.523542374190264,5.5099853134319225,5.517724585654382,0.0,0.0,-1,249.0676597990308,0
2022-12-28,249.0676597990308,245.93451911620377,0.0,248.9137249789449,252.0768021410411,0.0,5.517051968749704,5.52342769838599,5.510635328208681,5.517724585654382,0.0,0.0,-1,249.0676597990308,0
2022-12-29,249.0676597990308,245.9928807240579,0.0,248.94171312805145,252.00918096481607,0.0,5.517320656776259,5.523168457698423,5.511438457827054,5.517724585654382,0.0,0.0,-1,249.0676597990308,0
2022-12-30,249.0676597990308,246.05092338257924,0.0,248.96461252277496,251.94307936558505,0.0,5.517589272628951,5.5227328966068185,5.512419054936454,5.517724585654382,0.0,0.0,-1,249.0676597990308,0
2022-12-31,249.0676597990308,246.10909902803465,0.0,248.9833483911851,251.8784631955501,0.0,5.517918538061541,5.521482359097199,5.514341970766582,5.517724585654382,0.0,0.0,-1,249.0676597990308,0
2023-01-01,249.0676597990308,246.16401843257225,0.0,248.9986777380661,251.81529907428,0.0,5.51811492758531,5.520728767668067,5.515494237433679,5.517724585654382,0.0,0.0,-1,249.0676597990308,0
2023-01-02,249.0676597990308,246.22087094079487,0.0,249.0112199309688,251.75355437146536,0.0,5.518245514027953,5.520148764637019,5.516338634147494,5.517724585654382,0.0,-0.0060748473545944,-1,249.0676597990308,-1
2023-01-03,247.55919826056927,246.27466408385428,0.0,248.7472159908961,251.6592991779621,0.0,5.517763511251213,5.523164779098352,5.512332911206968,5.511649738299788,-0.0060748473545944,0.000703372064434,1,247.55919826056927,1
2023-01-04,247.7333857370405,246.3341215621831,0.0,248.5628832174678,251.5710764040088,0.0,5.517296040423643,5.524002439185262,5.510544362043646,5.512353110364222,0.000703372064434,6.865385986998263e-05,-1,247.7333857370405,1
2023-01-05,247.7503941740308,246.3934473060268,0.0,248.4151579368429,251.48521837636883,0.0,5.51683323307083,5.524349847505229,5.5092596909705005,5.512421764224092,6.865385986998263e-05,0.0,-1,247.7503941740308,0
2023-01-06,247.7503941740308,246.45277304987053,0.0,248.2942917981497,251.4012897426084,0.0,5.516374773053007,5.524400992893998,5.50828361141852,5.512421764224092,0.0,0.0,-1,247.7503941740308,0
2023-01-07,247.7503941740308,246.51729264595173,0.0,248.1954013210372,251.3192471455617,0.0,5.515898882736628,5.52412523013574,5.507604300837289,5.512421764224092,0.0,0.0008517094652482,-1,247.7503941740308,1
2023-01-08,247.9614954154692,246.57924485371635,0.0,248.15287297457024,251.24379205050343,0.0,5.515456222948619,5.523345458429067,5.507504252170192,5.51327347368934,0.0008517094652482,-0.0014524851993042,-1,247.9614954154692,-1
2023-01-09,247.6015964506145,246.62516916529657,0.0,248.0526408793056,251.16194495837112,0.0,5.5150347361083805,5.523146695772419,5.506856434020915,5.511820988490036,-0.0014524851993042,-5.327152622758291e-05,-1,247.6015964506145,-1
2023-01-10,247.58840668699767,246.65772769328285,0.0,247.96823466252224,251.0816407275537,0.0,5.514609277136289,5.5227579200273365,5.506393687969501,5.511767716963808,-5.327152622758291e-05,-0.0002189523816635,-1,247.58840668699767,-1
2023-01-11,247.53420254996024,246.7041909524073,0.0,247.8893197329656,251.00192301569768,0.0,5.514168036940259,5.522197629060097,5.5060734482225975,5.511548764582145,-0.0002189523816635,-0.0002649854994825,-1,247.53420254996024,-1
2023-01-12,247.46861826548457,246.74722149426225,0.0,247.8128285570599,250.9225229089513,0.0,5.513707717929718,5.521444040815964,5.505911077411814,5.511283779082662,-0.0002649854994825,0.0,-1,247.46861826548457,0
2023-01-13,247.46861826548457,246.788135520705,0.0,247.75024486768257,250.84490707426664,0.0,5.513247186927996,5.520419262088077,5.506023301293506,5.511283779082662,0.0,-0.0010265139182434,-1,247.46861826548457,-1
2023-01-14,247.21471862256027,246.82465481032952,0.0,247.6528764594785,250.76332980568893,0.0,5.51271326629977,5.519178785970867,5.506205671498952,5.510257265164419,-0.0010265139182434,-0.000595039735538,-1,247.21471862256027,-1
2023-01-15,247.06765979903085,246.85854804953388,0.0,247.5464734303062,250.6802810414944,0.0,5.512136650932463,5.517494189321847,5.506750254648812,5.5096622254288805,-0.000595039735538,0.0,-1,247.06765979903085,0
2023-01-16,247.06765979903088,246.88947121642545,0.0,247.45941640643795,250.5990985416637,0.0,5.511559702888039,5.514655721801033,5.508454068865671,5.5096622254288805,0.0,0.0,-1,247.06765979903088,0
2023-01-17,247.06765979903088,246.92213334770813,0.0,247.388187932364,250.519740367672,0.0,5.511417855838797,5.514838700831825,5.507985268485017,5.5096622254288805,0.0,0.0,-1,247.06765979903088,0
2023-01-18,247.06765979903088,246.95717093962503,0.0,247.3299100899397,250.4421655234329,0.0,5.511225710079652,5.514801228069264,5.507637361872754,5.5096622254288805,0.0,0.002122239872965,-1,247.06765979903088,1
2023-01-19,247.59255341605217,247.001581631846,0.0,247.3776634219601,250.3781292963007,0.0,5.511180147731169,5.514651561900167,5.507696640854856,5.5117844653018455,0.002122239872965,-0.0015358926739033,-1,247.59255341605217,-1
2023-01-20,247.2125697089408,247.0392069007256,0.0,247.3476463832293,250.3069931257982,0.0,5.511024883611202,5.514402126256404,5.507636196536586,5.510248572627942,-0.0015358926739033,0.0,-1,247.2125697089408,0
2023-01-21,247.2125697089408,247.0862594112465,0.0,247.32308698790413,250.23745552092493,0.0,5.510869595380544,5.514083363884891,5.5076454652594125,5.510248572627942,0.0,0.0,-1,247.2125697089408,0
2023-01-22,247.2125697089408,247.13331192176744,0.0,247.30299293718352,250.1694805588579,0.0,5.510653314857975,5.513193205817811,5.50810695642188,5.510248572627942,0.0,0.0002192699352621,-1,247.2125697089408,1
2023-01-23,247.26678193643548,247.18133250777936,0.0,247.29640911886568,250.10425137633155,0.0,5.510556609416141,5.512905219115982,5.508202470760872,5.510467842563204,0.0002192699352621,-0.0002880508954357,-1,247.26678193643548,-1
2023-01-24,247.1955667757751,247.2235427040176,-1.0,247.27807414739465,250.0388876774426,0.0,5.510443132406722,5.512576567371402,5.50830513616437,5.510179791667769,-0.0002880508954357,0.0015041259067842,-1,247.1955667757751,1
2023-01-25,247.5676597990309,247.28162223326152,1.0,247.33072608405573,249.98335446669176,0.0,5.510452797477745,5.512633205915579,5.508267624468353,5.511683917574553,0.0015041259067842,-0.001738817794143,-1,247.5676597990309,-1
2023-01-26,247.13755878893,247.33471273178205,-1.0,247.29560475766925,249.91940400202293,0.0,5.510357157489641,5.512453630013211,5.508256280533639,5.50994509978041,-0.001738817794143,0.0,-1,247.13755878893,0
2023-01-27,247.13755878893,247.38814802402248,0.0,247.2668691269893,249.8568906264478,0.0,5.510261508353653,5.51222920412588,5.50828993311992,5.50994509978041,0.0,-0.0001530077854807,-1,247.13755878893,-1
2023-01-28,247.09974771111888,247.4487034841873,0.0,247.2364834150129,249.7949323586876,0.0,5.510228289014764,5.512229125420266,5.508223441235497,5.509792091994929,-0.0001530077854807,0.0,-1,247.09974771111888,0
2023-01-29,247.09974771111888,247.51282221174,0.0,247.21162237794127,249.7343664115512,0.0,5.510237560507667,5.512217242420503,5.508253951679026,5.509792091994929,0.0,6.399089686492943e-05,-1,247.09974771111888,1
2023-01-30,247.1155603515172,247.57666845117487,0.0,247.19415655495504,249.6755168371684,0.0,5.510251400750659,5.512200378245538,5.508298617323621,5.509856082891794,6.399089686492943e-05,3.884523117392291e-05,-1,247.1155603515172,1
2023-01-31,247.1251597990309,247.63984299479168,0.0,247.1816116902416,249.6182054430529,0.0,5.510268014376452,5.512179809931611,5.508352556857004,5.509894928122968,3.884523117392291e-05,0.0,-1,247.1251597990309,0
2023-02-01,247.1251597990309,247.70389499059,0.0,247.1713477100214,249.56218194543445,0.0,5.510284627726238,5.512157181764732,5.508408560649735,5.509894928122968,0.0,0.0,-1,247.1251597990309,0
2023-02-02,247.1251597990309,247.753966303206,0.0,247.1629499080231,249.50741740281865,0.0,5.510149576709063,5.51156234932855,5.508734805338989,5.509894928122968,0.0,0.0,-1,247.1251597990309,0
2023-02-03,247.1251597990309,247.79852924412307,0.0,247.15607897911545,249.45388352408185,0.0,5.510124318033991,5.511547553500073,5.508699054081361,5.509894928122968,0.0,0.0,-1,247.1251597990309,0
2023-02-04,247.1251597990309,247.8369804132715,0.0,247.1504573100092,249.401552653856,0.0,5.510099058720903,5.5115286790173705,5.508667391683833,5.509894928122968,0.0,0.0,-1,247.1251597990309,0
2023-02-05,247.1251597990309,247.8749826822484,0.0,247.1458577625585,249.35039775824188,0.0,5.510073798769766,5.511505779941871,5.508639764086644,5.509894928122968,0.0,-0.0036485270714496,-1,247.1251597990309,-1
2023-02-06,246.22515979903093,247.89161452822503,0.0,246.97845813282623,249.28016769174275,0.0,5.50977273888392,5.513011826257222,5.506523125720419,5.506246401051518,-0.0036485270714496,0.0,1,246.22515979903093,0
2023-02-07,246.22515979903093,247.8533672628576,0.0,246.8414947994089,249.2115158289852,0.0,5.509492180727864,5.513688919619312,5.505277754965847,5.506246401051518,0.0,0.0001990646650771,-1,246.22515979903093,1
2023-02-08,246.27417940687403,247.8199805231352,0.0,246.73834654622075,249.1455082689377,0.0,5.509118095127812,5.5135012458672765,5.504715647766913,5.506445465716595,0.0001990646650771,0.0,-1,246.27417940687403,0
2023-02-09,246.27417940687403,247.78681831616785,0.0,246.65395252088496,249.0809840248464,0.0,5.508868320520155,5.513640858179422,5.504072896475392,5.506445465716595,0.0,0.0,-1,246.27417940687403,0
2023-02-10,246.27417940687403,247.75365610920048,0.0,246.584902863792,249.0179097637684,0.0,5.508618483509555,5.513641280915409,5.50357033019877,5.506445465716595,0.0,8.293191647990028e-05,-1,246.27417940687403,1
2023-02-11,246.29460424347536,247.7246402039049,0.0,246.5321212964617,248.9567118869078,0.0,5.508385442028838,5.513548513627443,5.503195574713865,5.506528397633075,8.293191647990028e-05,0.0001240533077435,-1,246.29460424347536,1
2023-02-12,246.32515979903093,247.6878991324764,0.0,246.49449193329244,248.89757588493305,0.0,5.508161193309244,5.513344707503519,5.502950670233856,5.506652450940819,0.0001240533077435,0.0,-1,246.32515979903093,0
2023-02-13,246.32515979903093,247.64706083882555,0.0,246.4637042725176,248.83976878187903,0.0,5.50793231486796,5.5130340052406765,5.502804463729425,5.506652450940819,0.0,0.0,-1,246.32515979903093,0
2023-02-14,246.32515979903093,247.5950032089554,0.0,246.43851436824727,248.78326071484875,0.0,5.50770060333266,5.512613875783807,5.502763071392814,5.506652450940819,0.0,0.0002095096447165,-1,246.32515979903093,1
2023-02-15,246.3767727022568,247.5416756796299,0.0,246.42728861079445,248.7291823325433,0.0,5.507483792311745,5.512077026802785,5.5028693626256775,5.506861960585535,0.0002095096447165,0.0,-1,246.3767727022568,0
2023-02-16,246.3767727022568,247.4883481503044,0.0,246.41810390015124,248.67631919478404,0.0,5.507266934273616,5.511415408800094,5.503101178189251,5.506861960585535,0.0,0.0,-1,246.3767727022568,0
2023-02-17,246.3767727022568,247.4353042754964,0.0,246.4105891368977,248.6246439927048,0.0,5.507050029197878,5.510581779589942,5.503505761323302,5.506861960585535,0.0,4.028528451804903e-05,-1,246.3767727022568,1
2023-02-18,246.3866982605694,247.3813673520804,0.0,246.40624534120164,248.57435307737583,0.0,5.506835954721381,5.509460107585859,5.504204897556735,5.506902245870053,4.028528451804903e-05,0.0013727578685491,-1,246.3866982605694,1
2023-02-19,246.72515979903093,247.3317832355389,0.0,246.4642297880797,248.5327981722445,0.0,5.506719978575702,5.508162216388672,5.5052756577082,5.508275003738603,0.0013727578685491,0.0,-1,246.72515979903093,0
2023-02-20,246.72515979903093,247.2899528783961,0.0,246.51167160825264,248.492177085206,0.0,5.506864946656287,5.508681462482764,5.505045125094231,5.508275003738603,0.0,0.0,-1,246.72515979903093,0
2023-02-21,246.72515979903093,247.2481225212533,0.0,246.5504876429396,248.45246883158407,0.0,5.507009893724175,5.509044873553158,5.504970764306523,5.508275003738603,0.0,0.0,-1,246.72515979903093,0
2023-02-22,246.72515979903093,247.2062921641104,0.0,246.5822462167744,248.41365289826825,0.0,5.507140612276685,5.50933366155127,5.504942742964463,5.508275003738603,0.0,0.0,-1,246.72515979903093,0
2023-02-23,246.72515979903093,247.16446180696752,0.0,246.60823050445737,248.37570923311685,0.0,5.507271313744089,5.5095452741238455,5.504992170681068,5.508275003738603,0.0,0.0,-1,246.72515979903093,0
2023-02-24,246.72515979903093,247.1226314498247,0.0,246.629490376198,248.33861823459804,0.0,5.507401998130851,5.5096879969613655,5.505110761533869,5.508275003738603,0.0,0.0,-1,246.72515979903093,0
2023-02-25,246.72515979903093,247.08080109268184,0.0,246.6468848167131,248.302360741664,0.0,5.50752674790699,5.509781766139044,5.505266633072613,5.508275003738603,0.0,0.0,-1,246.72515979903093,0
2023-02-26,246.72515979903093,247.03897073553887,0.0,246.66111663168,248.266918023852,0.0,5.507642630529824,5.509841080787271,5.5054393364379575,5.508275003738603,0.0,-0.0020286026870843,-1,246.72515979903093,-1
2023-02-27,246.22515979903093,246.9882118069676,0.0,246.5818517530165,248.2210358165526,0.0,5.507613661133039,5.509947256107341,5.505274607753043,5.506246401051518,-0.0020286026870843,0.0002538005016257,-1,246.22515979903093,1
2023-02-28,246.28765979903093,246.96550576301152,0.0,246.5283623068373,248.17758916447343,0.0,5.507602797392878,5.509979087751986,5.505220846824932,5.506500201553144,0.0002538005016257,0.0,-1,246.28765979903093,0
2023-03-01,246.28765979903093,246.9396892284042,0.0,246.48459821450885,248.1351188416545,0.0,5.507576980934724,5.510040240684725,5.505107638549935,5.506500201553144,0.0,0.0,-1,246.28765979903093,0
2023-03-02,246.28765979903093,246.9135689717077,0.0,246.4487912298765,248.0936029081124,0.0,5.507551163810063,5.510096076148449,5.504999758364965,5.506500201553144,0.0,0.0042138138650935,-1,246.28765979903093,1
2023-03-03,247.32765979903093,246.9060201435828,1.0,246.60858551517728,248.07639070341392,0.0,5.507826613333171,5.511277471039519,5.504363805959412,5.5107140154182375,0.0042138138650935,0.0,-1,247.32765979903093,0
2023-03-04,247.32765979903093,246.89847131545773,0.0,246.73932629405977,248.05956528983225,0.0,5.50809911298838,5.5121033921807685,5.504078735058704,5.5107140154182375,0.0,0.0,-1,247.32765979903093,0
2023-03-05,247.32765979903093,246.88715282230712,0.0,246.84629602223632,248.0431179754322,0.0,5.508273556204366,5.512758473252792,5.503768434022643,5.5107140154182375,0.0,0.0,-1,247.32765979903093,0
2023-03-06,247.32765979903093,246.882261096386,0.0,246.93381670892623,248.0270402636029,0.0,5.508447968995225,5.513310644832187,5.503561531951873,5.5107140154182375,0.0,0.0,-1,247.32765979903093,0
2023-03-07,247.32765979903093,246.877604901958,0.0,247.0054245434907,248.01132384866872,0.0,5.508622351371566,5.513782713357334,5.503435221860145,5.5107140154182375,0.0,0.0,-1,247.32765979903093,0
2023-03-08,247.32765979903093,246.8739166385485,0.0,247.0640127717708,247.9959606115981,0.0,5.508796703343997,5.51418808794795,5.503376094079537,5.5107140154182375,0.0,-0.000734788087346,-1,247.32765979903093,-1
2023-03-09,247.14599313236425,246.86815547545712,0.0,247.07891829187864,247.9768602188064,0.0,5.508918466429706,5.514363346599963,5.503443777158348,5.509979227330891,-0.000734788087346,0.0003933023690905,-1,247.14599313236425,1
2023-03-10,247.24321535458648,246.8641304234768,0.0,247.10879048509824,247.96037381736323,0.0,5.509068339244374,5.514593125214678,5.503512860363787,5.510372529699982,0.0003933023690905,0.0,-1,247.24321535458648,0
2023-03-11,247.24321535458648,246.8646392936915,0.0,247.13323137045973,247.94425789685133,0.0,5.509218189600547,5.514785811145194,5.503619396011112,5.510372529699982,0.0,0.0,-1,247.24321535458648,0
2023-03-12,247.24321535458648,246.86777421432643,0.0,247.1532284584828,247.92850413185664,0.0,5.509368017504956,5.514942298397202,5.503762489745062,5.510372529699982,0.0,0.0,-1,247.24321535458648,0
2023-03-13,247.24321535458648,246.87090913496127,0.0,247.1695897123197,247.9131043840528,0.0,5.509662386042927,5.514635594823353,5.504664320789008,5.510372529699982,0.0,0.0007861409818934,-1,247.24321535458648,1
2023-03-14,247.4376597990309,246.87751627781853,0.0,247.21832972808545,247.9024202360748,0.0,5.50999480183536,5.514330764626125,5.505639956567844,5.511158670681875,0.0007861409818934,0.0,-1,247.4376597990309,0
2023-03-15,247.4376597990309,246.88412342067568,0.0,247.2582079228028,247.89197618130976,0.0,5.510327107164253,5.513627610082629,5.507015674843885,5.511158670681875,0.0,0.0,-1,247.4376597990309,0
2023-03-16,247.4376597990309,246.88135746322885,0.0,247.29083553666243,247.88176682440465,0.0,5.510659302102996,5.511659423246676,5.509658179715567,5.511158670681875,0.0,-0.000202091518723,-1,247.4376597990309,-1
2023-03-17,247.38765979903093,246.88448407198047,0.0,247.30843994800213,247.8706632957445,0.0,5.51067663098423,5.511702461340419,5.509649747219411,5.510956579163152,-0.000202091518723,0.0,-1,247.38765979903093,0
2023-03-18,247.38765979903093,246.88761068073205,0.0,247.32284355728007,247.8598092845824,0.0,5.510693959565179,5.511742297061353,5.509644521904055,5.510956579163152,0.0,0.0,-1,247.38765979903093,0
2023-03-19,247.38765979903093,246.8907372894837,0.0,247.33462832850748,247.8491991837835,0.0,5.510711287845854,5.511779133436424,5.50964230074201,5.510956579163152,0.0,0.0,-1,247.38765979903093,0
2023-03-20,247.38765979903093,246.89289582274432,0.0,247.3442704140572,247.83882751221603,0.0,5.510728615826264,5.511813132803611,5.509642921394758,5.510956579163152,0.0,0.0,-1,247.38765979903093,0
2023-03-21,247.38765979903093,246.89632605530247,0.0,247.3521593931433,247.82868891191973,0.0,5.5107459435064206,5.5118444247730745,5.5096462542516,5.510956579163152,0.0,0.0,-1,247.38765979903093,0
2023-03-22,247.38765979903093,246.89311176958816,0.0,247.3586140123956,247.818778145338,0.0,5.510763270886335,5.511873111942666,5.509652196714142,5.510956579163152,0.0,0.0,-1,247.38765979903093,0
2023-03-23,247.38765979903093,246.89757785905425,0.0,247.36389506451107,247.809090092612,0.0,5.510833058682229,5.511737261047181,5.509928037995376,5.510956579163152,0.0,0.0,-1,247.38765979903093,0
2023-03-24,247.38765979903093,246.9020439485204,0.0,247.36821592533283,247.79961974893595,0.0,5.510874768602712,5.511696706643052,5.510052154424447,5.510956579163152,0.0,0.0,-1,247.38765979903093,0
2023-03-25,247.38765979903093,246.9071852358045,0.0,247.3717511750961,247.7903622219718,0.0,5.510916476783549,5.511625215377604,5.510207235522818,5.510956579163152,0.0,0.0,-1,247.38765979903093,0
2023-03-26,247.38765979903093,246.91232652308864,0.0,247.3746436521752,247.78131272932143,0.0,5.510958183224886,5.51150385109726,5.510412217436516,5.510956579163152,0.0,0.0024224068889404,-1,247.38765979903093,1
2023-03-27,247.9876597990309,246.9278997275085,0.0,247.48610113342164,247.7859497421239,0.0,5.511173104227684,5.513025228579951,5.509317543144563,5.513378986052093,0.0024224068889404,-0.000409122449934,-1,247.9876597990309,-1
2023-03-28,247.886223231504,246.94149014594555,0.0,247.55885060580025,247.78820307896387,0.0,5.511302582127589,5.513615805830726,5.5089839950113815,5.512969863602159,-0.000409122449934,0.0,-1,247.886223231504,0
2023-03-29,247.886223231504,246.95508056438257,0.0,247.6183729013828,247.7904057790209,0.0,5.51143204326514,5.51407193051249,5.50878516856295,5.512969863602159,0.0,0.0,-1,247.886223231504,0
2023-03-30,247.886223231504,246.9686709828196,0.0,247.6670729614048,247.7925589802003,0.0,5.5115614876446735,5.514439884230973,5.508674781968857,5.512969863602159,0.0,0.0,-1,247.886223231504,0
2023-03-31,247.886223231504,246.9822614012566,0.0,247.7069184650592,247.7946637948363,0.0,5.511705341136259,5.514727645351536,5.508673874900804,5.512969863602159,0.0,-0.0014333801780921,-1,247.886223231504,-1
2023-04-01,247.5311625619564,246.98951145059456,0.0,247.6749628463132,247.78874241881653,0.0,5.511746743012352,5.514709503818258,5.508775178164122,5.5115364834240665,-0.0014333801780921,0.0,-1,247.5311625619564,0
2023-04-02,247.5311625619564,246.9967614999325,0.0,247.6488173400665,247.7829541074264,0.0,5.511788143174401,5.514684846626283,5.508883024449179,5.5115364834240665,0.0,0.0,-1,247.5311625619564,0
2023-04-03,247.5311625619564,247.0200829778419,0.0,247.6274255622283,247.7772958704495,0.0,5.511829541622548,5.514653216227597,5.508997871296582,5.5115364834240665,0.0,0.0,-1,247.5311625619564,0
2023-04-04,247.5311625619564,247.04340445575127,0.0,247.60992319854248,247.77176478486533,0.0,5.5118709383569335,5.514614055216097,5.509120276105029,5.5115364834240665,0.0,0.0048069528561551,-1,247.5311625619564,1
2023-04-05,248.72389760469144,247.08714942356943,0.0,247.81246399966045,247.79316102800752,1.0,5.512256325211904,5.516556790709033,5.507937285806079,5.516343436280222,0.0048069528561551,-0.0007545403366471,-1,248.72389760469144,-1
2023-04-06,248.53629617658368,247.1275443658857,0.0,247.94406985001007,247.80986069426768,0.0,5.512587486919236,5.51743878194881,5.507712542047227,5.515588895943575,-0.0007545403366471,0.0,-1,248.53629617658368,0
2023-04-07,248.53629617658368,247.167939308202,0.0,248.0517473639325,247.8261850871287,0.0,5.512918538994798,5.518076923181948,5.507733407849524,5.515588895943575,0.0,0.0,-1,248.53629617658368,0
2023-04-08,248.53629617658368,247.2079695212932,0.0,248.13984714805096,247.8421426397007,0.0,5.513249481511152,5.518514684311644,5.507956409548616,5.515588895943575,0.0,0.0,-1,248.53629617658368,0
2023-04-09,248.53629617658368,247.2474540994637,0.0,248.21192878960235,247.8577415955857,0.0,5.51358031454079,5.518764927683731,5.508368681033429,5.515588895943575,0.0,-0.0007362253943901,-1,248.53629617658368,-1
2023-04-10,248.35338478417864,247.28367240276995,0.0,248.23764806134344,247.8688796447676,0.0,5.513685628567943,5.518956622484244,5.508386703987406,5.5148526705491845,-0.0007362253943901,0.0,-1,248.35338478417864,0
2023-04-11,248.35338478417864,247.31989070607617,0.0,248.2586911018589,247.87976740070937,0.0,5.513820136100462,5.519126490964368,5.508485473557245,5.5148526705491845,0.0,-0.0001110825975763,-1,248.35338478417864,-1
2023-04-12,248.3257985772821,247.3546947395588,0.0,248.2708924610268,247.8897905732166,0.0,5.5139466843527085,5.5192465545533445,5.508618575801888,5.514741587951608,-0.0001110825975763,0.0,-1,248.3257985772821,0
2023-04-13,248.3257985772821,247.3894987730413,0.0,248.280875391255,247.8995885058922,0.0,5.5140732165925215,5.519339524798197,5.508779027490556,5.514741587951608,0.0,0.0,-1,248.3257985772821,0
2023-04-14,248.3257985772821,247.424302806524,0.0,248.2890432432599,247.90916626030543,0.0,5.514199732823952,5.519404894631159,5.508967335480116,5.514741587951608,0.0,0.0,-1,248.3257985772821,0
2023-04-15,248.3257985772821,247.4589295978938,0.0,248.2957260312639,247.91852878428244,0.0,5.514428400110105,5.5191496227849965,5.509684781714686,5.514741587951608,0.0,-0.000694545937927,-1,248.3257985772821,-1
2023-04-16,248.15338478417863,247.48443361548576,0.0,248.2698458045211,247.92380644720143,0.0,5.51460741649531,5.5187019016555485,5.51049609757716,5.514047042013681,-0.000694545937927,0.0,-1,248.15338478417863,0
2023-04-17,248.15338478417863,247.50993763307767,0.0,248.24867107354973,247.92896551095376,0.0,5.5147864008393865,5.518052027344697,5.511510075068258,5.514047042013681,0.0,0.0,-1,248.15338478417863,0
2023-04-18,248.15338478417863,247.5354416506696,0.0,248.23134629366405,247.9340086406892,0.0,5.5149653531538,5.5169615742136,5.512965139223499,5.514047042013681,0.0,0.0,-1,248.15338478417863,0
2023-04-19,248.15338478417863,247.5609456682615,0.0,248.2171714737576,247.93893844166644,0.0,5.514801273783459,5.516552078690945,5.513047398181175,5.514047042013681,0.0,0.0,-1,248.15338478417863,0
2023-04-20,248.15338478417863,247.58644968585344,0.0,248.20557389383413,247.9437574605993,0.0,5.514691133445064,5.51640095192727,5.512978386475719,5.514047042013681,0.0,0.0,-1,248.15338478417863,0
2023-04-21,248.15338478417863,247.61195370344527,0.0,248.19608496480583,247.9484681869719,0.0,5.514580980974438,5.516182129298444,5.512977264862519,5.514047042013681,0.0,0.0,-1,248.15338478417863,0
2023-04-22,248.15338478417863,247.6374577210373,0.0,248.18832129560087,247.9530730543248,0.0,5.514470816368909,5.5158799475241125,5.513059696760773,5.514047042013681,0.0,0.0,-1,248.15338478417863,0
2023-04-23,248.15338478417863,247.6629617386292,0.0,248.181969202615,247.9575744415125,0.0,5.514360639625803,5.51545107071447,5.513269018199076,5.514047042013681,0.0,0.0,-1,248.15338478417863,0
2023-04-24,248.15338478417863,247.69739432764968,0.0,248.17677203562653,247.961974673932,0.0,5.514303087938594,5.515336064987686,5.513269042744454,5.514047042013681,0.0,0.0,-1,248.15338478417863,0
2023-04-25,248.15338478417863,247.7307108452416,0.0,248.17251980809053,247.96627602472407,0.0,5.514245532938999,5.5151865217629785,5.513303657820995,5.514047042013681,0.0,-0.0004030577875457,-1,248.15338478417863,-1
2023-04-26,248.0533847841786,247.7622416485478,0.0,248.150858894652,247.9682335249365,0.0,5.514167133731079,5.515118175026236,5.513215187095293,5.513643984226135,-0.0004030577875457,0.0004693461085452,-1,248.0533847841786,1
2023-04-27,248.16983500062884,247.7958519200049,0.0,248.15430909573868,247.9727638951768,0.0,5.514122245495047,5.514944625186781,5.513299188938277,5.5141133303346805,0.0004693461085452,-0.0004432992860117,-1,248.16983500062884,-1
2023-04-28,248.059845870816,247.8089266712868,0.0,248.13713396393453,247.97472079350567,0.0,5.514045696386559,5.514758792736013,5.513332091167804,5.513670031048669,-0.0004432992860117,0.0,-1,248.059845870816,0
2023-04-29,248.059845870816,247.8220014225687,0.0,248.1230815833675,247.97663371659127,0.0,5.513969141417854,5.514454123848072,5.513483923665547,5.513670031048669,0.0,0.0,-1,248.059845870816,0
2023-04-30,248.059845870816,247.83507617385047,0.0,248.1115841810854,247.9785036526413,0.0,5.513942214678883,5.514473494098254,5.513410652851646,5.513670031048669,0.0,0.0,-1,248.059845870816,0
2023-05-01,248.059845870816,247.8481509251324,0.0,248.10217721558183,247.9803315676565,0.0,5.513915287214843,5.51447766502354,5.513352592959375,5.513670031048669,0.0,0.0,-1,248.059845870816,0
2023-05-02,248.059845870816,247.8612256764143,0.0,248.09448060744256,247.98211840592973,0.0,5.513888359025695,5.514469083337968,5.513307297276729,5.513670031048669,0.0,0.0,-1,248.059845870816,0
2023-05-03,248.059845870816,247.87430042769617,0.0,248.08818338260136,247.9838650905339,0.0,5.5138614301114,5.514448944028978,5.5132735708182965,5.513670031048669,0.0,0.0,-1,248.059845870816,0
2023-05-04,248.059845870816,247.89061922659712,0.0,248.08303110773127,247.98557252379865,0.0,5.51383450047192,5.514417649445509,5.513251011237173,5.513670031048669,0.0,0.0,-1,248.059845870816,0
2023-05-05,248.059845870816,247.9052019143869,0.0,248.0788156101103,247.98724158777657,0.0,5.513807570107215,5.514374940118589,5.513239878004356,5.513670031048669,0.0,0.0,-1,248.059845870816,0
2023-05-06,248.059845870816,247.91978460217675,0.0,248.0753665666022,247.9888731446988,0.0,5.513780639017245,5.514319812045316,5.513241175124786,5.513670031048669,0.0,0.0,-1,248.059845870816,0
2023-05-07,248.059845870816,247.93436728996653,0.0,248.0725446219137,247.99046803742053,0.0,5.513753707201972,5.514250149898365,5.51325701792781,5.513670031048669,0.0,0.0,-1,248.059845870816,0
2023-05-08,248.059845870816,247.9489499777564,0.0,248.07023575807776,247.9920270898564,0.0,5.5137267746613565,5.514161685238556,5.513291674854647,5.513670031048669,0.0,0.0,-1,248.059845870816,0
2023-05-09,248.059845870816,247.96006044332395,0.0,248.0683466876665,247.99355110740603,0.0,5.51369984139536,5.514044481151045,5.513355082822164,5.513670031048669,0.0,0.0,-1,248.059845870816,0
2023-05-10,248.059845870816,247.9711709088916,0.0,248.0668010846028,247.9950408773703,0.0,5.513701701801264,5.514044209279235,5.513359076971725,5.513670031048669,0.0,0.000212150402878,-1,248.059845870816,1
2023-05-11,248.1124774497633,247.9832212240832,0.0,248.0751058782683,247.997679901469,0.0,5.51368518614157,5.513849098864597,5.513521246546758,5.513882181451547,0.000212150402878,0.0,-1,248.1124774497633,0
2023-05-12,248.1124774497633,247.9961643964177,0.0,248.0819007094492,248.0002596216554,0.0,5.513700341004799,5.513923044607379,5.5134775877942745,5.513882181451547,0.0,0.0038110309976762,-1,248.1124774497633,1
2023-05-13,249.059845870816,248.0260248619853,0.0,248.2597089206068,248.0240705486028,0.0,5.513988239777451,5.517079810867172,5.510887081227954,5.517693212449223,0.0038110309976762,0.0,-1,249.059845870816,0
2023-05-14,249.059845870816,248.0558853275529,0.0,248.4051883660993,248.04734639854016,0.0,5.514276055688255,5.518465314145819,5.51006917348797,5.517693212449223,0.0,0.0,-1,249.059845870816,0
2023-05-15,249.059845870816,248.08574579312045,0.0,248.52421700332053,248.07009919567,0.0,5.514563788784895,5.519467102961951,5.509636313600264,5.517693212449223,0.0,0.0,-1,249.059845870816,0
2023-05-16,249.059845870816,248.11560625868808,0.0,248.62160407013783,248.09234069398784,0.0,5.514851439115015,5.5202407210386495,5.509432955383892,5.517693212449223,0.0,0.0007685533794514,-1,249.059845870816,1
2023-05-17,249.25133523251804,248.1488861771432,0.0,248.73610064511607,248.1183855150784,0.0,5.515194063432022,5.52114569650924,5.509206796231474,5.5184617658286745,0.0007685533794514,0.0,-1,249.25133523251804,0
2023-05-18,249.25133523251804,248.18216609559832,0.0,248.8297796610073,248.1438450592905,0.0,5.5155365703978125,5.521836958451098,5.509196235642202,5.5184617658286745,0.0,0.0,-1,249.25133523251804,0
2023-05-19,249.25133523251804,248.21544601405344,0.0,248.9064261285548,248.1687324789136,0.0,5.5158789600927465,5.522349741655084,5.509366034664624,5.5184617658286745,0.0,3.4144222321508266e-05,-1,249.25133523251804,1
2023-05-20,249.25984587081592,248.24887790819247,0.0,248.9706842635113,248.1932518809788,0.0,5.5162236769793696,5.522708619249861,5.509696405581368,5.518495910050996,3.4144222321508266e-05,0.0,-1,249.25984587081592,0
2023-05-21,249.25984587081592,248.28230980233147,0.0,249.02325910120305,248.2172202852448,0.0,5.5165682750772085,5.522902422129636,5.510193750714215,5.518495910050996,0.0,0.0,-1,249.25984587081592,0
2023-05-22,249.25984587081592,248.3050274107562,0.0,249.06627487749628,248.2406500736845,0.0,5.516912754468103,5.522918980411452,5.510870235681892,5.518495910050996,0.0,0.0,-1,249.25984587081592,0
2023-05-23,249.25984587081592,248.32955638645825,0.0,249.1014696035544,248.2635533500246,0.0,5.517257115233809,5.52272662687693,5.511757523433905,5.518495910050996,0.0,0.0,-1,249.25984587081592,0
2023-05-24,249.25984587081592,248.35408536216025,0.0,249.13026528851103,248.28594194599745,0.0,5.517601357455999,5.522253506941095,5.5129274642817805,5.518495910050996,0.0,0.0,-1,249.25984587081592,0
2023-05-25,249.25984587081592,248.37861433786225,0.0,249.15382539438465,248.30782742745404,0.0,5.517930390551674,5.521447875451685,5.51440048926434,5.518495910050996,0.0,0.0,-1,249.25984587081592,0
2023-05-26,249.25984587081592,248.4031433135642,0.0,249.1731018446449,248.32922110033857,0.0,5.51825931542018,5.519333272340681,5.517184203876085,5.518495910050996,0.0,0.0,-1,249.25984587081592,0
2023-05-27,249.25984587081592,248.43401265836525,0.0,249.1888734857669,248.35013401652907,0.0,5.518316639876133,5.519293418595507,5.517338906127164,5.518495910050996,0.0,0.0,-1,249.25984587081592,0
2023-05-28,249.25984587081592,248.4648820031664,0.0,249.2017775557757,248.3705769795468,0.0,5.518373961046182,5.519208083918562,5.517539141831961,5.518495910050996,0.0,0.0002005737652961,-1,249.25984587081592,1
2023-05-29,249.309845870816,248.49664420511024,0.0,249.2214263403285,248.39168414564267,0.0,5.518445607888512,5.519092902543803,5.51779789397145,5.518696483816292,0.0002005737652961,0.0010022658223842,-1,249.309845870816,1
2023-05-30,249.559845870816,248.53287069276848,0.0,249.2829571640536,248.41793497092743,0.0,5.518588886175202,5.519527255358742,5.517649635627826,5.5196987496386765,0.0010022658223842,0.0,-1,249.559845870816,0
2023-05-31,249.559845870816,248.54779834037785,0.0,249.33330056528305,248.44359589002607,0.0,5.518677281686554,5.5199386718220085,5.517414298436277,5.5196987496386765,0.0,0.0,-1,249.559845870816,0
2023-06-01,249.559845870816,248.5660760134891,0.0,249.37449062083448,248.4686801592573,0.0,5.518765669384833,5.520235643005576,5.517293531760224,5.5196987496386765,0.0,0.0,-1,249.559845870816,0
2023-06-02,249.559845870816,248.5843536866004,0.0,249.4081915753765,248.4932007370452,0.0,5.518854049271416,5.520463375234817,5.517242129202636,5.5196987496386765,0.0,0.0,-1,249.559845870816,0
2023-06-03,249.559845870816,248.6026313597117,0.0,249.43576508363824,248.517170290613,0.0,5.518939983602048,5.520642583630979,5.517234479781561,5.5196987496386765,0.0,0.0,-1,249.559845870816,0
2023-06-04,249.559845870816,248.620909032823,0.0,249.45832522676145,248.54060120252765,0.0,5.519025910548607,5.5207795005088,5.517269240107976,5.5196987496386765,0.0,0.0,-1,249.559845870816,0
2023-06-05,249.559845870816,248.64245298079865,0.0,249.47678352568045,248.56350557709592,0.0,5.519111830112361,5.520877820572313,5.517342715411911,5.5196987496386765,0.0,0.0,-1,249.559845870816,0
2023-06-06,249.559845870816,248.6639969287744,0.0,249.4918857702505,248.58589524661767,0.0,5.519197742294576,5.520938390548266,5.517454058900665,5.5196987496386765,0.0,0.0,-1,249.559845870816,0
2023-06-07,249.559845870816,248.68603348758745,0.0,249.5042421521715,248.6077817774986,0.0,5.519283647096523,5.520959514880064,5.517604966064862,5.5196987496386765,0.0,0.0,-1,249.559845870816,0
2023-06-08,249.559845870816,248.7080700464005,0.0,249.51435191919776,248.6291764762248,0.0,5.519369544519469,5.520936318304229,5.517800312101991,5.5196987496386765,0.0,0.0,-1,249.559845870816,0
2023-06-09,249.559845870816,248.73010660521365,0.0,249.5226235467647,248.6500903952044,0.0,5.519455434564681,5.520858501306068,5.518050396460736,5.5196987496386765,0.0,0.0,-1,249.559845870816,0
2023-06-10,249.559845870816,248.7521431640268,0.0,249.5293912420468,248.67053433847656,0.0,5.519541317233426,5.520703184598028,5.51837809836263,5.5196987496386765,0.0,0.0,-1,249.559845870816,0
2023-06-11,249.559845870816,248.77725854057385,0.0,249.53492844727748,248.6905188672932,0.0,5.519627192526973,5.520400929315343,5.518852856606385,5.5196987496386765,0.0,0.0,-1,249.559845870816,0
2023-06-12,249.559845870816,248.8023739171209,0.0,249.53945888792083,248.71005430557457,0.0,5.5196987496386765,5.5196987496386765,5.5196987496386765,5.5196987496386765,0.0,0.0,0,249.559845870816,0
2023-06-13,249.559845870816,248.82748929366804,0.0,249.5431656120836,248.7291507452429,0.0,5.5196987496386765,5.5196987496386765,5.5196987496386765,5.5196987496386765,0.0,0.0,0,249.559845870816,0
2023-06-14,249.559845870816,248.8526046702152,0.0,249.5461983863985,248.7478180514356,0.0,5.5196987496386765,5.5196987496386765,5.5196987496386765,5.5196987496386765,0.0,0.0,0,249.559845870816,0
2023-06-15,249.559845870816,248.87772004676225,0.0,249.5486797472017,248.7660658676014,0.0,5.5196987496386765,5.5196987496386765,5.5196987496386765,5.5196987496386765,0.0,0.0,0,249.559845870816,0
2023-06-16,249.559845870816,248.9028354233093,0.0,249.5507099514952,248.78390362048265,0.0,5.5196987496386765,5.5196987496386765,5.5196987496386765,5.5196987496386765,0.0,0.0,0,249.559845870816,0
2023-06-17,249.559845870816,248.92795079985643,0.0,249.5523710277353,248.80134052498448,0.0,5.5196987496386765,5.5196987496386765,5.5196987496386765,5.5196987496386765,0.0,0.0,0,249.559845870816,0
2023-06-18,249.559845870816,248.95306617640352,0.0,249.55373009011365,248.8183855889357,0.0,5.5196987496386765,5.5196987496386765,5.5196987496386765,5.5196987496386765,0.0,0.0086577226314634,0,249.559845870816,1
2023-06-19,251.72984587081592,249.0169315529506,0.0,249.9493875047868,248.88381166268584,0.0,5.5203196503474175,5.527011195391521,5.513583026713484,5.52835647227014,0.0086577226314634,0.0,-1,251.72984587081592,0
2023-06-20,251.72984587081592,249.0807969294977,0.0,250.2731072077012,248.94776748758764,0.0,5.520940165777676,5.530015706415393,5.511781504764,5.52835647227014,0.0,0.0,-1,251.72984587081592,0
2023-06-21,251.72984587081592,249.14644802033047,0.0,250.5379687828129,249.01028610294108,0.0,5.521560296407299,5.53218745234761,5.510818989841262,5.52835647227014,0.0,0.0,-1,251.72984587081592,0
2023-06-22,251.72984587081592,249.2100196430124,0.0,250.7546737079044,249.07139980558995,0.0,5.522180042713242,5.5338667032803945,5.510355187485334,5.52835647227014,0.0,0.0,-1,251.72984587081592,0
2023-06-23,251.72984587081592,249.2755553572981,0.0,250.93197773752465,249.13114016660623,0.0,5.522799405171577,5.535182981037012,5.510260551450597,5.52835647227014,0.0,0.0,-1,251.72984587081592,0
2023-06-24,251.72984587081592,249.34109107158383,0.0,251.07704467085028,249.1895380475997,0.0,5.523418384257492,5.536197638517113,5.510473704361753,5.52835647227014,0.0,0.0,-1,251.72984587081592,0
2023-06-25,251.72984587081592,249.40662678586955,0.0,251.1957357981168,249.2466236166608,0.0,5.524036980445291,5.5369398816636,5.510965415748368,5.52835647227014,0.0,0.0,-1,251.72984587081592,0
2023-06-26,251.72984587081592,249.4721625001553,0.0,251.29284672042567,249.3024263639452,0.0,5.5246551942084015,5.537418753106553,5.511726618402314,5.52835647227014,0.0,-0.0106632598209168,-1,251.72984587081592,-1
2023-06-27,249.059845870816,249.4900196430124,-1.0,250.8868465659512,249.29697511690856,0.0,5.524512782522635,5.537843671498259,5.511001777130753,5.517693212449223,-0.0106632598209168,0.0,-1,249.059845870816,0
2023-06-28,249.059845870816,249.5078767858696,0.0,250.5546646213812,249.2916463698053,0.0,5.524370350552891,5.538232354603582,5.51031348703913,5.517693212449223,0.0,0.0,-1,249.059845870816,0
2023-06-29,249.059845870816,249.52573392872668,0.0,250.28287939400565,249.28643736982804,0.0,5.524227898293392,5.5385888560702,5.509657694790735,5.517693212449223,0.0,0.0075670417559123,-1,249.059845870816,1
2023-06-30,250.9516407426108,249.5773731228659,1.0,250.4044723664793,249.32385767034,0.0,5.524624376578524,5.538499499851453,5.51055402222831,5.525260254205136,0.0075670417559123,0.0009735958210335,-1,250.9516407426108,1
2023-07-01,251.19608518705525,249.6333773963701,0.0,250.5484019702204,249.3659301988055,0.0,5.525090288401722,5.53838944194019,5.511611880773143,5.526233850026169,0.0009735958210335,0.0,-1,251.19608518705525,0
2023-07-02,251.19608518705525,249.6893816698744,0.0,250.66616255509945,249.4070572771932,0.0,5.525555983252179,5.538101998909652,5.512850563076814,5.526233850026169,0.0,0.0,-1,251.19608518705525,0
2023-07-03,251.19608518705525,249.74538594337872,0.0,250.7625121245459,249.44726015157207,0.0,5.52540409189778,5.537756119463632,5.512897581583066,5.526233850026169,0.0,0.0,-1,251.19608518705525,0
2023-07-04,251.19608518705525,249.801390216883,0.0,250.8413435904567,249.4865595905717,0.0,5.525252177468892,5.537390148297969,5.512965064163353,5.526233850026169,0.0,0.0,-1,251.19608518705525,0
2023-07-05,251.19608518705525,249.85739449038724,0.0,250.9058420625655,249.52497589611065,0.0,5.525100239958504,5.537002969073499,5.51305412751703,5.526233850026169,0.0,0.0,-1,251.19608518705525,0
2023-07-06,251.19608518705525,249.91245891426743,0.0,250.95861353974544,249.56252891388468,0.0,5.5249482793596005,5.536593261423513,5.513166092370793,5.526233850026169,0.0,0.0,-1,251.19608518705525,0
2023-07-07,251.19608518705525,249.96752333814769,0.0,251.00179020289264,249.59923804361884,0.0,5.524796295665164,5.536159454095575,5.513302530336878,5.526233850026169,0.0,0.0,-1,251.19608518705525,0
2023-07-08,251.19608518705525,250.0056704687948,0.0,251.03711656364948,249.6351222490893,0.0,5.524644288868173,5.535699662124662,5.513465326739905,5.526233850026169,0.0,0.0,-1,251.19608518705525,0
2023-07-09,251.19608518705525,250.04381759944195,0.0,251.06601994972323,249.67020006792,0.0,5.524492258961603,5.535211600932136,5.51365676651792,5.526233850026169,0.0,0.0,-1,251.19608518705525,0
2023-07-10,251.19608518705525,250.08196473008908,0.0,251.08966817469263,249.70448962115896,0.0,5.524340205938425,5.534692466149821,5.513879654398295,5.526233850026169,0.0,0.0,-1,251.19608518705525,0
2023-07-11,251.19608518705525,250.1201118607362,0.0,251.10901672239493,249.7380086226398,0.0,5.524948620049701,5.533794780854513,5.516023505728939,5.526233850026169,0.0,0.0,-1,251.19608518705525,0
2023-07-12,251.19608518705525,250.1548395384958,0.0,251.12484735233315,249.77077438813228,0.0,5.525556664218312,5.53209539885385,5.518974892972823,5.526233850026169,0.0,0.0,-1,251.19608518705525,0
2023-07-13,251.19608518705525,250.1895672162554,0.0,251.13779968591896,249.80280384428784,0.0,5.526164338893869,5.52691596034382,5.525412152084151,5.526233850026169,0.0,0.0053994935770438,-1,251.19608518705525,1
2023-07-14,252.5560851870553,250.2485806083007,0.0,251.39566977703464,249.86467533513647,0.0,5.526620496491258,5.530793191229142,5.5224303173896105,5.531633343603213,0.0053994935770438,0.0,-1,252.5560851870553,0
2023-07-15,252.5560851870553,250.30744202466207,0.0,251.6066543970384,249.9251564554044,0.0,5.527006993518636,5.532670152969909,5.521311579945464,5.531633343603213,0.0,0.0,-1,252.5560851870553,0
2023-07-16,252.5560851870553,250.36630344102352,0.0,251.77927817704145,249.984278449374,0.0,5.527393341223773,5.534028191606857,5.520714175411186,5.531633343603213,0.0,0.0,-1,252.5560851870553,0
2023-07-17,252.5560851870553,250.4251648573849,0.0,251.9205158152257,250.0420718592095,0.0,5.527779539722005,5.535079020102164,5.520426384892357,5.531633343603213,0.0,0.0,-1,252.5560851870553,0
2023-07-18,252.5560851870553,250.4840262737464,0.0,252.0360738828311,250.0985665407341,0.0,5.528165589128533,5.535903171685383,5.520367669219234,5.531633343603213,0.0,0.0003958732871849,-1,252.5560851870553,1
2023-07-19,252.65608518705525,250.5446734043935,0.0,252.14880321087185,250.1560388698649,0.0,5.528579858713365,5.536669539408587,5.520424200988547,5.532029216890398,0.0003958732871849,-0.0072436088394551,-1,252.65608518705525,-1
2023-07-20,250.83255577529053,250.57275750983047,0.0,251.9094854953116,250.17124149695312,0.0,5.528476724636008,5.536901854848493,5.519980008052885,5.524785608050943,-0.0072436088394551,0.0,-1,250.83255577529053,0
2023-07-21,250.83255577529053,250.6008416152676,0.0,251.7136800916714,250.18610249197192,0.0,5.528373579920914,5.537110469022835,5.519559684296204,5.524785608050943,0.0,0.0,-1,250.83255577529053,0
2023-07-22,250.83255577529053,250.62892572070464,0.0,251.55347567051123,250.2006295320465,0.0,5.528270424565892,5.537297850014967,5.519160761751316,5.524785608050943,0.0,0.0,-1,250.83255577529053,0
2023-07-23,250.83255577529053,250.6570098261417,0.0,251.42239932592565,250.2148301217823,0.0,5.528167258568745,5.53746599831082,5.518781240048444,5.524785608050943,0.0,-0.0001454087160164,-1,250.83255577529053,-1
2023-07-24,250.79608518705524,250.68354981393168,0.0,251.3085240279492,250.22789203336148,0.0,5.528053730285039,5.53763836843299,5.518376337108326,5.524640199334926,-0.0001454087160164,0.0,-1,250.79608518705524,0
2023-07-25,250.79608518705524,250.70562551600736,0.0,251.21535332960485,250.2406604188377,0.0,5.527940189111201,5.537790849737288,5.51799152678854,5.524640199334926,0.0,0.0,-1,250.79608518705524,0
2023-07-26,250.79608518705524,250.72770121808307,0.0,251.1391227582322,250.25314187430328,0.0,5.5278266350443,5.537925021791379,5.5176252296760575,5.524640199334926,0.0,0.0,-1,250.79608518705524,0
2023-07-27,250.79608518705524,250.7497769201588,0.0,251.07675229074545,250.2653428476236,0.0,5.527713068081408,5.538042208123772,5.517276122396964,5.524640199334926,0.0,0.0,-1,250.79608518705524,0
2023-07-28,250.79608518705524,250.7718526222345,0.0,251.0257219082563,250.27726964176807,0.0,5.527213220166053,5.5372516204256135,5.517073027732677,5.524640199334926,0.0,0.0,-1,250.79608518705524,0
2023-07-29,250.79608518705524,250.79392832431017,0.0,250.98396977712883,250.28892841806663,0.0,5.526713122277805,5.536220689866416,5.517114292471986,5.524640199334926,0.0,0.0,-1,250.79608518705524,0
2023-07-30,250.79608518705524,250.81600402638583,-1.0,250.94980894257,250.30032519939223,0.0,5.526212774166518,5.534904124643563,5.517445221331058,5.524640199334926,0.0,-0.0041970168830518,-1,250.79608518705524,-1
2023-07-31,249.74569557666564,250.8193227711332,0.0,250.73087923967827,250.28786161236468,0.0,5.525413292745798,5.533912463355038,5.516841266581396,5.520443182451874,-0.0041970168830518,0.0,-1,249.74569557666564,0
2023-08-01,249.74569557666564,250.8226415158805,0.0,250.55175493731232,250.27567810594448,0.0,5.524613171643088,5.532197668099971,5.516970710688184,5.520443182451874,0.0,0.0,-1,249.74569557666564,0
2023-08-02,249.74569557666564,250.82596026062785,0.0,250.405198689922,250.2637683861854,0.0,5.523783905105649,5.5289987736249895,5.518541699109007,5.520443182451874,0.0,0.0,-1,249.74569557666564,0
2023-08-03,249.74569557666564,250.8292790053752,0.0,250.2852890329663,250.25212630057823,0.0,5.523474046142469,5.529202054513728,5.517713038580926,5.520443182451874,0.0,0.0,-1,249.74569557666564,0
2023-08-04,249.74569557666564,250.83259775012243,0.0,250.1871811318207,250.2407458348723,-1.0,5.523164091136951,5.529223309155797,5.517067935065691,5.520443182451874,0.0,0.0,-1,249.74569557666564,0
2023-08-05,249.74569557666564,250.83591649486976,0.0,250.1069110308834,250.2296211099688,0.0,5.522854040029539,5.52909154775431,5.516577381470793,5.520443182451874,0.0,0.0,-1,249.74569557666564,0
2023-08-06,249.74569557666564,250.83923523961707,0.0,250.04123549375288,250.2187463788833,0.0,5.522543892760623,5.528819674862934,5.516228476350131,5.520443182451874,0.0,0.0,-1,249.74569557666564,0
2023-08-07,249.74569557666564,250.8425539843644,0.0,249.9875009633733,250.2081160237773,0.0,5.522244061335516,5.5284575311825686,5.515991742769813,5.520443182451874,0.0,0.0,-1,249.74569557666564,0
2023-08-08,249.74569557666564,250.8458727291117,0.0,249.9435363476084,250.1977245530557,0.0,5.521944139984562,5.5279626980550525,5.515889139430952,5.520443182451874,0.0,0.0,-1,249.74569557666564,0
2023-08-09,249.74569557666564,250.84919147385904,0.0,249.907565298346,250.18756659853008,0.0,5.521644128653803,5.527321152555606,5.515934692056424,5.520443182451874,0.0,0.0,-1,249.74569557666564,0
2023-08-10,249.74569557666564,250.8525102186064,0.0,249.87813443985863,250.17763691264548,0.0,5.521344027289234,5.526503324581835,5.516157973543927,5.520443182451874,0.0,0.0,-1,249.74569557666564,0
2023-08-11,249.74569557666564,250.85582896335364,0.0,249.8540546465508,250.1679303657696,0.0,5.5210438358368,5.525446686623258,5.516621514196436,5.520443182451874,0.0,0.0,-1,249.74569557666564,0
2023-08-12,249.74569557666564,250.8591477081009,0.0,249.8343529974808,250.15844194354247,0.0,5.520743554242397,5.523986818938472,5.517489736544977,5.520443182451874,0.0,0.0,-1,249.74569557666564,0
2023-08-13,249.74569557666564,250.86246645284828,0.0,249.81823346642344,250.1491667442868,0.0,5.520443182451874,5.520443182451874,5.520443182451874,5.520443182451874,0.0,0.0,0,249.74569557666564,0
2023-08-14,249.74569557666564,250.8270351975956,0.0,249.8050447591948,250.1400999764751,0.0,5.520443182451874,5.520443182451874,5.520443182451874,5.520443182451874,0.0,0.0,0,249.74569557666564,0
2023-08-15,249.74569557666564,250.7916039423429,0.0,249.7942539987349,250.13123695625467,0.0,5.520443182451874,5.520443182451874,5.520443182451874,5.520443182451874,0.0,0.0,0,249.74569557666564,0
2023-08-16,249.74569557666564,250.7561726870902,0.0,249.78542519472228,250.12257310502795,0.0,5.520443182451874,5.520443182451874,5.520443182451874,5.520443182451874,0.0,-0.0133556191436241,0,249.74569557666564,-1
2023-08-17,246.4323622433323,250.66157476517088,0.0,249.17577738537864,250.03964701824825,0.0,5.51949510255283,5.5297027417932165,5.50918219191767,5.50708756330825,-0.0133556191436241,0.0001000900694156,1,246.4323622433323,1
2023-08-18,246.457028909999,250.567417319442,0.0,248.6814594807641,249.95913874615275,0.0,5.5185531911116295,5.5323592368489525,5.504553866951697,5.507187653377666,0.0001000900694156,0.0,-1,246.457028909999,0
2023-08-19,246.457028909999,250.47325987371315,0.0,248.27701755880685,249.88043964871108,0.0,5.51761039163675,5.533775375713226,5.501179801452909,5.507187653377666,0.0,0.0,-1,246.457028909999,0
2023-08-20,246.457028909999,250.37910242798424,0.0,247.9461105317509,249.80350907031303,0.0,5.516666702452136,5.534454965985537,5.498556277253969,5.507187653377666,0.0,0.0,-1,246.457028909999,0
2023-08-21,246.457028909999,250.28494498225533,0.0,247.67536841870503,249.72830726895768,0.0,5.515722121876985,5.5345899598946176,5.496491431333919,5.507187653377666,0.0,0.0004002601275114,-1,246.457028909999,1
2023-08-22,246.55569557666564,250.24022801271693,0.0,247.47179153833423,249.65701262418705,0.0,5.514805027363137,5.534204450745596,5.495021808671128,5.507587913505177,0.0004002601275114,0.0,-1,246.55569557666564,0
2023-08-23,246.55569557666564,250.19551104317856,0.0,247.30522863621263,249.5873201062652,0.0,5.513887091014841,5.53343191486428,5.493952639165294,5.507587913505177,0.0,-0.0008267269345969,-1,246.55569557666564,-1
2023-08-24,246.35194557666563,250.14715568078304,0.0,247.1319044435677,249.5146150606562,0.0,5.512909598779601,5.53237380613477,5.493059002868798,5.50676118657058,-0.0008267269345969,0.0,-1,246.35194557666563,0
2023-08-25,246.35194557666563,250.06501826710544,0.0,246.99009374049456,249.44354383629687,0.0,5.511931150118316,5.530876779190409,5.492619641206427,5.50676118657058,0.0,0.0,-1,246.35194557666563,0
2023-08-26,246.35194557666563,249.9785157740628,0.0,246.8740668016165,249.3740697181029,0.0,5.510951743157524,5.528899045255811,5.49267643970217,5.50676118657058,0.0,0.0,-1,246.35194557666563,0
2023-08-27,246.35194557666563,249.8920132810201,0.0,246.7791356698073,249.3061568160481,0.0,5.509971376018255,5.526347630243666,5.493322468861934,5.50676118657058,0.0,0.0,-1,246.35194557666563,0
2023-08-28,246.35194557666563,249.80551078797745,0.0,246.7014647437815,249.2397700466238,0.0,5.508990046816006,5.52302316804796,5.49475719086663,5.50676118657058,0.0,0.0,-1,246.35194557666563,0
2023-08-29,246.35194557666563,249.7190082949348,0.0,246.63791580430583,249.1748751147146,0.0,5.5080077536607215,5.518400629719934,5.497505730382462,5.50676118657058,0.0,0.0,-1,246.35194557666563,0
2023-08-30,246.35194557666563,249.6325058018921,0.0,246.58592121746216,249.11143849588203,0.0,5.50702449465677,5.507913648581515,5.506134549433685,5.50676118657058,0.0,0.0,-1,246.35194557666563,0
2023-08-31,246.35194557666563,249.5460033088494,0.0,246.5433801918628,249.04942741904568,0.0,5.507001184094794,5.507910960974234,5.506090578767625,5.50676118657058,0.0,0.0,-1,246.35194557666563,0
2023-09-01,246.35194557666563,249.4595008158068,0.0,246.5085738981905,248.988809849554,0.0,5.506970722531099,5.507883984447171,5.5060566258052415,5.50676118657058,0.0,0.0,-1,246.35194557666563,0
2023-09-02,246.35194557666563,249.3729983227641,0.0,246.48009602154963,248.92955447263515,0.0,5.506940260039468,5.507847850484399,5.506031845125784,5.50676118657058,0.0,0.0,-1,246.35194557666563,0
2023-09-03,246.35194557666563,249.28649582972145,0.0,246.4567959406616,248.87163067722008,0.0,5.506909796619845,5.507802382613981,5.506016413204131,5.50676118657058,0.0,0.0,-1,246.35194557666563,0
2023-09-04,246.35194557666563,249.1999933366788,0.0,246.4377322381169,248.81500854012896,0.0,5.506879332272175,5.507747094425085,5.506010816454061,5.50676118657058,0.0,-0.0153391704033172,-1,246.35194557666563,-1
2023-09-05,242.60194557666563,249.0465265579218,0.0,245.7403164814893,248.6753891476916,0.0,5.505732439320985,5.517502292131368,5.493822405528369,5.491422016167263,-0.0153391704033172,0.0,1,242.60194557666563,0
2023-09-06,242.60194557666563,248.8930597791648,0.0,245.1697035897032,248.53890726969087,0.0,5.504584229495896,5.520472074056228,5.488439880546238,5.491422016167263,0.0,0.0,-1,242.60194557666563,0
2023-09-07,242.60194557666563,248.7395930004079,0.0,244.7028384964236,248.4054924001848,0.0,5.503493971197171,5.5221188636104745,5.484515598217049,5.491422016167263,0.0,0.0,-1,242.60194557666563,0
2023-09-08,242.60194557666563,248.5618405073652,0.0,244.3208579655585,248.2750756176337,0.0,5.502402522937807,5.522910862021336,5.481464769950896,5.491422016167263,0.0,0.0,-1,242.60194557666563,0
2023-09-09,242.60194557666563,248.3840880143225,0.0,244.00832844030523,248.1475895492974,0.0,5.501309882117401,5.523072342338421,5.479063261159697,5.491422016167263,0.0,0.0,-1,242.60194557666563,0
2023-09-10,242.60194557666563,248.20633552127987,0.0,243.752622465098,248.02296833642927,0.0,5.500216046127023,5.522708574761441,5.477205939692385,5.491422016167263,0.0,0.0,-1,242.60194557666563,0
2023-09-11,242.60194557666563,248.0285830282372,0.0,243.543408485383,247.9011476002548,0.0,5.4991210123491685,5.521868617048277,5.475843885403262,5.491422016167263,0.0,0.0,-1,242.60194557666563,0
2023-09-12,242.60194557666563,247.8508305351945,0.0,243.3722334110708,247.78206440871347,0.0,5.498024778157725,5.520566096032558,5.474963608610646,5.491422016167263,0.0,0.0,-1,242.60194557666563,0
2023-09-13,242.60194557666563,247.6712923278661,0.0,243.2321810775425,247.6656572439484,0.0,5.496927340917936,5.518784348276175,5.474581909420484,5.491422016167263,0.0,0.0,-1,242.60194557666563,0
2023-09-14,242.60194557666563,247.5243171457478,0.0,243.1175928046558,247.55186597052625,0.0,5.49582869798636,5.516470912877992,5.474751384893573,5.491422016167263,0.0,0.0,-1,242.60194557666563,0
2023-09-15,242.60194557666563,247.3773419636295,0.0,243.02383876320303,247.4406318043721,0.0,5.494728846710832,5.513516175478595,5.47558178501662,5.491422016167263,0.0,0.0,-1,242.60194557666563,0
2023-09-16,242.60194557666563,247.2303667815112,0.0,242.9471309111053,247.3318972824012,0.0,5.493627784430429,5.509689262220385,5.477304118717838,5.491422016167263,0.0,0.0,-1,242.60194557666563,0
2023-09-17,242.60194557666563,247.0833915993929,0.0,242.88436994120715,247.22560623283405,0.0,5.492525508475427,5.5043844237776,5.480524269812466,5.491422016167263,0.0,0.0,-1,242.60194557666563,0
2023-09-18,242.60194557666563,246.9370676777788,0.0,242.83302005674503,247.12170374617853,0.0,5.491422016167263,5.491422016167263,5.491422016167263,5.491422016167263,0.0,0.0,0,242.60194557666563,0
2023-09-19,242.60194557666563,246.7907437561647,0.0,242.7910065149124,247.02013614686368,0.0,5.491422016167263,5.491422016167263,5.491422016167263,5.491422016167263,0.0,0.0007946371856935,0,242.60194557666563,1
2023-09-20,242.79480271952275,246.6478637121016,0.0,242.79169673393244,246.9251848338897,0.0,5.491478796911882,5.492092768615913,5.490864448015,5.492216653352957,0.0007946371856935,0.0,-1,242.79480271952275,0
2023-09-21,242.79480271952275,246.50498366803853,0.0,242.7922614585852,246.832367258286,0.0,5.491535574432631,5.492369658527113,5.490700794061079,5.492216653352957,0.0,0.0,-1,242.79480271952275,0
2023-09-22,242.79480271952275,246.36210362397543,0.0,242.7927235060284,246.741635470898,0.0,5.491592348729877,5.492570273152647,5.490613467034715,5.492216653352957,0.0,0.0,-1,242.79480271952275,0
2023-09-23,242.79480271952275,246.2192235799124,0.0,242.7931015448455,246.6529426000806,0.0,5.491649119803985,5.492725664941749,5.490571414467668,5.492216653352957,0.0,0.0,-1,242.79480271952275,0
2023-09-24,242.79480271952275,246.0763435358493,0.0,242.79341084933225,246.5662428274838,0.0,5.49170588765532,5.492847634159937,5.490562836075416,5.492216653352957,0.0,0.0,-1,242.79480271952275,0
2023-09-25,242.79480271952275,245.9522204491146,0.0,242.7936639166396,246.4814913643836,0.0,5.49176265228425,5.492941754041653,5.490582158604513,5.492216653352957,0.0,0.0,-1,242.79480271952275,0
2023-09-26,242.79480271952275,245.8280973623799,0.0,242.79387097170928,246.398644428544,0.0,5.49181941369114,5.4930106595919455,5.490626747030895,5.492216653352957,0.0,0.0230327955226936,-1,242.79480271952275,1
2023-09-27,248.4519455766656,245.80499468380847,1.0,243.82261180897405,246.44478602737817,0.0,5.493539647052684,5.511671176069751,5.475073285319686,5.51524944887565,0.0230327955226936,0.0049004435569104,-1,248.4519455766656,1
2023-09-28,249.6724583971784,245.8036868770319,0.0,244.88622027955665,246.51731799074443,0.0,5.495614838761134,5.522764297215592,5.467707667891391,5.520149892432561,0.0049004435569104,0.0,-1,249.6724583971784,0
2023-09-29,249.6724583971784,245.8023790702554,0.0,245.75644539185143,246.58822002234967,0.0,5.497685732965564,5.530307168303111,5.463964150355895,5.520149892432561,0.0,0.0,-1,249.6724583971784,0
2023-09-30,249.6724583971784,245.80107126347883,0.0,246.4684477564564,246.65752874987388,0.0,5.499752347428553,5.535994413741729,5.462147239504893,5.520149892432561,0.0,0.0121656128276113,-1,249.6724583971784,1
2023-10-01,252.7284280407616,245.8543343431948,0.0,247.6066259899664,246.79395345303988,1.0,5.502704761161502,5.545721031604723,5.457754590433964,5.532315505260172,0.0121656128276113,-0.0204928060389519,-1,252.7284280407616,-1
2023-10-02,247.60202003074903,245.81605442273204,0.0,247.6057885428359,246.81211225253887,0.0,5.504159343216824,5.546610144638978,5.459826272231019,5.51182269922122,-0.0204928060389519,0.0013105432590343,-1,247.60202003074903,1
2023-10-03,247.926725913102,245.7835728215969,0.0,247.6641407919752,246.8371597505291,0.0,5.505706063288083,5.547286622613753,5.46232126873172,5.513133242480254,0.0013105432590343,0.0102443539351888,-1,247.926725913102,1
2023-10-04,250.47962913890848,245.7966787780656,0.0,248.17604776414487,246.91901299521177,0.0,5.507934110351601,5.549918575033732,5.464109406814254,5.523377596415443,0.0102443539351888,0.0136829492958723,-1,250.47962913890848,1
2023-10-05,253.93048430236377,245.8714071481673,0.0,249.222308952912,247.07657414818144,0.0,5.511153874254538,5.5563379792202845,5.463831153474683,5.537060545711316,0.0136829492958723,0.0007959603493885,-1,253.93048430236377,1
2023-10-06,254.1326833599105,245.94974621572527,0.0,250.1151042996389,247.2351384001304,0.0,5.5144214855034885,5.560962070615511,5.465608694420518,5.537856506060704,0.0007959603493885,0.0007909097395701,-1,254.1326833599105,1
2023-10-07,254.33375888013487,246.03167591757293,0.0,250.88213240518365,247.3946579614788,0.0,5.517736120435829,5.56389928294804,5.469338347674814,5.538647415800274,0.0007909097395701,0.0011970924667892,-1,254.33375888013487,1
2023-10-08,254.63840221368,246.1190456789482,0.0,251.56509055218297,247.5574387311912,0.0,5.521126878673613,5.565171562524617,5.475052521104799,5.539844508267064,0.0011970924667892,0.0038854112866202,-1,254.63840221368,1
2023-10-09,255.6297016916487,246.2241172167157,0.0,252.3041107593585,247.7388378988419,0.0,5.524788505883419,5.565283918245542,5.482583751142289,5.543729919553684,0.0038854112866202,-0.0071205913724652,-1,255.6297016916487,-1
2023-10-10,253.8159322623084,246.29680001467364,0.0,252.57898739625847,247.87540181712205,0.0,5.527922024628459,5.559712200614889,5.495087957059153,5.5366093281812185,-0.0071205913724652,-0.0023278972035454,-1,253.8159322623084,-1
2023-10-11,253.2257620576803,246.35894405897747,0.0,252.69658278924425,247.99563463151657,0.0,5.529276270586867,5.559608797463771,5.497994823342686,5.534281430977673,-0.0023278972035454,0.0,-1,253.2257620576803,0
2023-10-12,253.2257620576803,246.480254769948,0.0,252.7927972016872,248.11316558491347,0.0,5.530283089738419,5.559852407539228,5.499812716126431,5.534281430977673,0.0,-0.0002834926091495,-1,253.2257620576803,-1
2023-10-13,253.15398460036067,246.59984326441872,0.0,252.8584676378096,248.22644241672128,0.0,5.531268588736984,5.559735396000078,5.501967618420038,5.533997938368524,-0.0002834926091495,-0.0002824487184085,-1,253.15398460036067,-1
2023-10-14,253.0824916788677,246.7181550995771,0.0,252.89919928163832,248.3355671192414,0.0,5.532232909992314,5.55923749301328,5.504478791769385,5.533715489650115,-0.0002824487184085,0.000588958942977,-1,253.0824916788677,1
2023-10-15,253.2315907779669,246.839129418648,0.0,252.9596340991526,248.44559012280823,0.0,5.532375120382815,5.559421703836858,5.504576635787036,5.534304448593092,0.000588958942977,-0.0144530661946475,-1,253.2315907779669,-1
2023-10-16,249.5979397859344,246.89521711286108,0.0,252.34841695129472,248.471485620856,0.0,5.5329390340188445,5.556770095670296,5.508526159441585,5.5198513823984445,-0.0144530661946475,0.0004122766330505,-1,249.5979397859344,1
2023-10-17,249.7008643994144,246.9513808418388,0.0,251.8670437600437,248.49911211026185,0.0,5.533440020259041,5.55405155751653,5.512394690727411,5.520263659031495,0.0004122766330505,-0.0015037499491681,-1,249.7008643994144,-1
2023-10-18,249.3256589155834,247.00084447289083,0.0,251.40497378832367,248.51768619577464,0.0,5.533114187420441,5.555340992141389,5.510382099751506,5.518759909082327,-0.0015037499491681,-0.0003010360297306,-1,249.3256589155834,-1
2023-10-19,249.250614205261,247.0526064126872,0.0,251.0132720459486,248.53415648812265,0.0,5.53179169879237,5.556329259710269,5.506636867930585,5.518458873052596,-0.0003010360297306,,-1,249.250614205261,0
