,datetime,Soma_Volumes,close,M,produto,submercado,expiracao,H,h,h_cresc
0,2015-01-06,1.0,378.0,0,SE CON MEN JAN/15,SE,2015-02-01,12,10,1
1,2015-01-09,3.0,380.0,0,SE CON MEN JAN/15,SE,2015-02-01,12,9,2
2,2015-01-12,3.5,380.8571428571428,0,SE CON MEN JAN/15,SE,2015-02-01,12,8,3
3,2015-01-15,1.0,386.0,0,SE CON MEN JAN/15,SE,2015-02-01,12,7,4
4,2015-01-20,4.0,393.0,0,SE CON MEN JAN/15,SE,2015-02-01,12,6,5
5,2015-01-21,1.0,393.5,0,SE CON MEN JAN/15,SE,2015-02-01,12,5,6
6,2015-01-22,4.0,393.9975,0,SE CON MEN JAN/15,SE,2015-02-01,12,4,7
7,2015-01-26,1.0,395.0,0,SE CON MEN JAN/15,SE,2015-02-01,12,3,8
8,2015-01-27,10.5,395.2476190476191,0,SE CON MEN JAN/15,SE,2015-02-01,12,2,9
9,2015-01-28,2.0,395.0,0,SE CON MEN JAN/15,SE,2015-02-01,12,1,10
10,2015-01-29,1.0,394.0,0,SE CON MEN JAN/15,SE,2015-02-01,12,0,11
11,2015-12-10,1.0,120.0,1,SE CON MEN JAN/16,SE,2016-02-01,12,11,0
12,2015-12-23,5.0,95.04,1,SE CON MEN JAN/16,SE,2016-02-01,12,10,1
13,2015-12-29,7.899999999999999,85.25316455696203,1,SE CON MEN JAN/16,SE,2016-02-01,12,9,2
14,2016-01-05,3.0,70.83333333333333,0,SE CON MEN JAN/16,SE,2016-02-01,12,8,3
15,2016-01-06,4.0,67.4,0,SE CON MEN JAN/16,SE,2016-02-01,12,7,4
16,2016-01-07,1.5,67.0,0,SE CON MEN JAN/16,SE,2016-02-01,12,6,5
17,2016-01-08,2.0,61.5,0,SE CON MEN JAN/16,SE,2016-02-01,12,5,6
18,2016-01-12,5.0,58.7,0,SE CON MEN JAN/16,SE,2016-02-01,12,4,7
19,2016-01-13,3.0,53.66666666666666,0,SE CON MEN JAN/16,SE,2016-02-01,12,3,8
20,2016-01-14,10.4,47.74038461538461,0,SE CON MEN JAN/16,SE,2016-02-01,12,2,9
21,2016-01-15,4.0,45.0,0,SE CON MEN JAN/16,SE,2016-02-01,12,1,10
22,2016-01-21,1.0,42.0,0,SE CON MEN JAN/16,SE,2016-02-01,12,0,11
23,2016-11-18,1.0,130.0,2,SE CON MEN JAN/17,SE,2017-02-01,8,7,0
24,2016-11-21,2.0,132.0,2,SE CON MEN JAN/17,SE,2017-02-01,8,6,1
25,2016-11-22,2.0,138.0,2,SE CON MEN JAN/17,SE,2017-02-01,8,5,2
26,2016-11-29,5.0,114.6,2,SE CON MEN JAN/17,SE,2017-02-01,8,4,3
27,2017-01-06,2.0,125.0,0,SE CON MEN JAN/17,SE,2017-02-01,8,3,4
28,2017-01-18,1.0,122.0,0,SE CON MEN JAN/17,SE,2017-02-01,8,2,5
29,2017-01-27,2.0,123.0,0,SE CON MEN JAN/17,SE,2017-02-01,8,1,6
30,2017-01-30,5.0,123.0,0,SE CON MEN JAN/17,SE,2017-02-01,8,0,7
31,2017-11-14,3.0,171.33333333333334,2,SE CON MEN JAN/18,SE,2018-02-01,37,36,0
32,2017-11-17,10.0,149.201,2,SE CON MEN JAN/18,SE,2018-02-01,37,35,1
33,2017-11-27,9.0,133.61111111111111,2,SE CON MEN JAN/18,SE,2018-02-01,37,34,2
34,2017-11-28,2.1,127.38142857142856,2,SE CON MEN JAN/18,SE,2018-02-01,37,33,3
35,2017-11-29,1.0,130.0,2,SE CON MEN JAN/18,SE,2018-02-01,37,32,4
36,2017-11-30,12.0,139.91666666666666,2,SE CON MEN JAN/18,SE,2018-02-01,37,31,5
37,2017-12-01,17.4,140.08045977011497,1,SE CON MEN JAN/18,SE,2018-02-01,37,30,6
38,2017-12-04,1.0,145.0,1,SE CON MEN JAN/18,SE,2018-02-01,37,29,7
39,2017-12-06,2.0,149.5,1,SE CON MEN JAN/18,SE,2018-02-01,37,28,8
40,2017-12-11,4.0,180.5,1,SE CON MEN JAN/18,SE,2018-02-01,37,27,9
41,2017-12-12,4.5,178.66666666666666,1,SE CON MEN JAN/18,SE,2018-02-01,37,26,10
42,2017-12-14,2.0,174.0,1,SE CON MEN JAN/18,SE,2018-02-01,37,25,11
43,2017-12-15,4.0,185.5,1,SE CON MEN JAN/18,SE,2018-02-01,37,24,12
44,2017-12-18,23.0,179.15217391304347,1,SE CON MEN JAN/18,SE,2018-02-01,37,23,13
45,2017-12-19,11.0,161.45727272727274,1,SE CON MEN JAN/18,SE,2018-02-01,37,22,14
46,2017-12-20,5.0,171.2,1,SE CON MEN JAN/18,SE,2018-02-01,37,21,15
47,2017-12-21,4.0,173.5,1,SE CON MEN JAN/18,SE,2018-02-01,37,20,16
48,2017-12-26,31.7,193.79495268138805,1,SE CON MEN JAN/18,SE,2018-02-01,37,19,17
49,2017-12-27,8.0,222.875,1,SE CON MEN JAN/18,SE,2018-02-01,37,18,18
50,2017-12-28,8.1,220.7407407407408,1,SE CON MEN JAN/18,SE,2018-02-01,37,17,19
51,2017-12-29,23.4,188.2692307692308,1,SE CON MEN JAN/18,SE,2018-02-01,37,16,20
52,2018-01-02,62.0,183.1258064516129,0,SE CON MEN JAN/18,SE,2018-02-01,37,15,21
53,2018-01-03,53.0,172.22283018867924,0,SE CON MEN JAN/18,SE,2018-02-01,37,14,22
54,2018-01-04,68.7,172.91994177583695,0,SE CON MEN JAN/18,SE,2018-02-01,37,13,23
55,2018-01-05,51.0,171.2294117647059,0,SE CON MEN JAN/18,SE,2018-02-01,37,12,24
56,2018-01-08,36.0,171.36111111111111,0,SE CON MEN JAN/18,SE,2018-02-01,37,11,25
57,2018-01-09,24.0,166.27166666666668,0,SE CON MEN JAN/18,SE,2018-02-01,37,10,26
58,2018-01-10,24.0,165.76250000000002,0,SE CON MEN JAN/18,SE,2018-02-01,37,9,27
59,2018-01-11,96.0,164.26302083333334,0,SE CON MEN JAN/18,SE,2018-02-01,37,8,28
60,2018-01-12,11.0,158.0,0,SE CON MEN JAN/18,SE,2018-02-01,37,7,29
61,2018-01-15,5.0,154.4,0,SE CON MEN JAN/18,SE,2018-02-01,37,6,30
62,2018-01-16,2.0,153.0,0,SE CON MEN JAN/18,SE,2018-02-01,37,5,31
63,2018-01-17,12.0,158.71,0,SE CON MEN JAN/18,SE,2018-02-01,37,4,32
64,2018-01-18,16.0,165.125,0,SE CON MEN JAN/18,SE,2018-02-01,37,3,33
65,2018-01-19,5.0,168.8,0,SE CON MEN JAN/18,SE,2018-02-01,37,2,34
66,2018-01-22,13.0,170.0,0,SE CON MEN JAN/18,SE,2018-02-01,37,1,35
67,2018-01-24,20.6,172.68446601941747,0,SE CON MEN JAN/18,SE,2018-02-01,37,0,36
68,2018-08-01,8.0,202.25,5,SE CON MEN JAN/19,SE,2019-02-01,92,91,0
69,2018-08-08,20.0,197.5,5,SE CON MEN JAN/19,SE,2019-02-01,92,90,1
70,2018-08-30,16.32,190.0575980392157,5,SE CON MEN JAN/19,SE,2019-02-01,92,89,2
71,2018-09-04,9.0,197.0,4,SE CON MEN JAN/19,SE,2019-02-01,92,88,3
72,2018-09-11,23.0,180.80434782608697,4,SE CON MEN JAN/19,SE,2019-02-01,92,87,4
73,2018-09-12,38.0,174.3684210526316,4,SE CON MEN JAN/19,SE,2019-02-01,92,86,5
74,2018-09-13,1.0,175.0,4,SE CON MEN JAN/19,SE,2019-02-01,92,85,6
75,2018-09-14,39.0,168.23333333333335,4,SE CON MEN JAN/19,SE,2019-02-01,92,84,7
76,2018-09-17,61.33,158.6825370944073,4,SE CON MEN JAN/19,SE,2019-02-01,92,83,8
77,2018-09-18,13.0,170.46153846153845,4,SE CON MEN JAN/19,SE,2019-02-01,92,82,9
78,2018-09-19,4.0,172.0,4,SE CON MEN JAN/19,SE,2019-02-01,92,81,10
79,2018-09-20,24.0,162.625,4,SE CON MEN JAN/19,SE,2019-02-01,92,80,11
80,2018-09-25,2.0,177.5,4,SE CON MEN JAN/19,SE,2019-02-01,92,79,12
81,2018-09-26,9.0,183.0,4,SE CON MEN JAN/19,SE,2019-02-01,92,78,13
82,2018-10-01,7.0,174.5,3,SE CON MEN JAN/19,SE,2019-02-01,92,77,14
83,2018-10-02,33.0,167.4090909090909,3,SE CON MEN JAN/19,SE,2019-02-01,92,76,15
84,2018-10-03,52.8,167.9659090909091,3,SE CON MEN JAN/19,SE,2019-02-01,92,75,16
85,2018-10-04,15.0,164.66666666666666,3,SE CON MEN JAN/19,SE,2019-02-01,92,74,17
86,2018-10-05,15.0,170.0,3,SE CON MEN JAN/19,SE,2019-02-01,92,73,18
87,2018-10-08,13.0,168.73076923076923,3,SE CON MEN JAN/19,SE,2019-02-01,92,72,19
88,2018-10-09,39.1,165.91048593350382,3,SE CON MEN JAN/19,SE,2019-02-01,92,71,20
89,2018-10-10,53.0,162.54754716981134,3,SE CON MEN JAN/19,SE,2019-02-01,92,70,21
90,2018-10-11,42.5,157.81176470588235,3,SE CON MEN JAN/19,SE,2019-02-01,92,69,22
91,2018-10-15,76.4,151.98795811518323,3,SE CON MEN JAN/19,SE,2019-02-01,92,68,23
92,2018-10-16,67.2,145.22842261904762,3,SE CON MEN JAN/19,SE,2019-02-01,92,67,24
93,2018-10-17,51.8,141.3430501930502,3,SE CON MEN JAN/19,SE,2019-02-01,92,66,25
94,2018-10-18,17.5,142.83142857142855,3,SE CON MEN JAN/19,SE,2019-02-01,92,65,26
95,2018-10-19,66.5,139.17406015037596,3,SE CON MEN JAN/19,SE,2019-02-01,92,64,27
96,2018-10-22,72.2,126.39473684210527,3,SE CON MEN JAN/19,SE,2019-02-01,92,63,28
97,2018-10-23,48.0,126.21770833333332,3,SE CON MEN JAN/19,SE,2019-02-01,92,62,29
98,2018-10-24,69.3,128.89776334776337,3,SE CON MEN JAN/19,SE,2019-02-01,92,61,30
99,2018-10-25,22.0,129.0909090909091,3,SE CON MEN JAN/19,SE,2019-02-01,92,60,31
100,2018-10-26,1.0,133.0,3,SE CON MEN JAN/19,SE,2019-02-01,92,59,32
101,2018-10-29,1.0,145.0,3,SE CON MEN JAN/19,SE,2019-02-01,92,58,33
102,2018-10-30,85.0,142.99411764705883,3,SE CON MEN JAN/19,SE,2019-02-01,92,57,34
103,2018-10-31,89.5,136.31402234636872,3,SE CON MEN JAN/19,SE,2019-02-01,92,56,35
104,2018-11-01,82.0,127.65243902439023,2,SE CON MEN JAN/19,SE,2019-02-01,92,55,36
105,2018-11-05,19.5,125.28205128205128,2,SE CON MEN JAN/19,SE,2019-02-01,92,54,37
106,2018-11-06,89.0,124.81516853932584,2,SE CON MEN JAN/19,SE,2019-02-01,92,53,38
107,2018-11-07,282.2,120.5204642097803,2,SE CON MEN JAN/19,SE,2019-02-01,92,52,39
108,2018-11-08,345.1,113.06229498696028,2,SE CON MEN JAN/19,SE,2019-02-01,92,51,40
109,2018-11-09,203.9,103.31593918587542,2,SE CON MEN JAN/19,SE,2019-02-01,92,50,41
110,2018-11-12,139.7,99.3886900501074,2,SE CON MEN JAN/19,SE,2019-02-01,92,49,42
111,2018-11-13,127.0,94.9224409448819,2,SE CON MEN JAN/19,SE,2019-02-01,92,48,43
112,2018-11-14,237.5,93.59625263157896,2,SE CON MEN JAN/19,SE,2019-02-01,92,47,44
113,2018-11-16,9.0,96.11111111111111,2,SE CON MEN JAN/19,SE,2019-02-01,92,46,45
114,2018-11-19,34.4,95.36075581395347,2,SE CON MEN JAN/19,SE,2019-02-01,92,45,46
115,2018-11-20,5.0,98.0,2,SE CON MEN JAN/19,SE,2019-02-01,92,44,47
116,2018-11-21,75.0,95.72666666666667,2,SE CON MEN JAN/19,SE,2019-02-01,92,43,48
117,2018-11-22,35.9,94.64902506963789,2,SE CON MEN JAN/19,SE,2019-02-01,92,42,49
118,2018-11-23,37.0,89.16216216216216,2,SE CON MEN JAN/19,SE,2019-02-01,92,41,50
119,2018-11-26,126.0,81.04126984126985,2,SE CON MEN JAN/19,SE,2019-02-01,92,40,51
120,2018-11-27,88.0,78.69170454545454,2,SE CON MEN JAN/19,SE,2019-02-01,92,39,52
121,2018-11-28,46.7,81.86509635974303,2,SE CON MEN JAN/19,SE,2019-02-01,92,38,53
122,2018-11-29,104.0,84.87076923076924,2,SE CON MEN JAN/19,SE,2019-02-01,92,37,54
123,2018-11-30,6.0,84.83166666666666,2,SE CON MEN JAN/19,SE,2019-02-01,92,36,55
124,2018-12-03,60.69,95.6071016641951,1,SE CON MEN JAN/19,SE,2019-02-01,92,35,56
125,2018-12-04,149.5,99.16180602006688,1,SE CON MEN JAN/19,SE,2019-02-01,92,34,57
126,2018-12-05,143.2,90.606843575419,1,SE CON MEN JAN/19,SE,2019-02-01,92,33,58
127,2018-12-06,120.8,87.21870860927152,1,SE CON MEN JAN/19,SE,2019-02-01,92,32,59
128,2018-12-07,23.0,92.76739130434784,1,SE CON MEN JAN/19,SE,2019-02-01,92,31,60
129,2018-12-10,135.91,106.34721506879552,1,SE CON MEN JAN/19,SE,2019-02-01,92,30,61
130,2018-12-11,99.0,105.81969696969698,1,SE CON MEN JAN/19,SE,2019-02-01,92,29,62
131,2018-12-12,102.5,98.32126829268292,1,SE CON MEN JAN/19,SE,2019-02-01,92,28,63
132,2018-12-13,81.1,102.41590628853268,1,SE CON MEN JAN/19,SE,2019-02-01,92,27,64
133,2018-12-14,156.5,100.28210862619808,1,SE CON MEN JAN/19,SE,2019-02-01,92,26,65
134,2018-12-17,70.0,103.61571428571428,1,SE CON MEN JAN/19,SE,2019-02-01,92,25,66
135,2018-12-18,166.5,98.6869069069069,1,SE CON MEN JAN/19,SE,2019-02-01,92,24,67
136,2018-12-19,130.0,102.75038461538462,1,SE CON MEN JAN/19,SE,2019-02-01,92,23,68
137,2018-12-20,81.0,104.96975308641974,1,SE CON MEN JAN/19,SE,2019-02-01,92,22,69
138,2018-12-21,78.9,115.17300380228136,1,SE CON MEN JAN/19,SE,2019-02-01,92,21,70
139,2018-12-26,43.9,150.15717539863326,1,SE CON MEN JAN/19,SE,2019-02-01,92,20,71
140,2018-12-27,53.0,165.16792452830188,1,SE CON MEN JAN/19,SE,2019-02-01,92,19,72
141,2018-12-28,18.0,163.66666666666666,1,SE CON MEN JAN/19,SE,2019-02-01,92,18,73
142,2019-01-02,17.4,157.96551724137933,0,SE CON MEN JAN/19,SE,2019-02-01,92,17,74
143,2019-01-03,96.0,160.28864583333333,0,SE CON MEN JAN/19,SE,2019-02-01,92,16,75
144,2019-01-04,69.3,164.8008658008658,0,SE CON MEN JAN/19,SE,2019-02-01,92,15,76
145,2019-01-07,128.26,172.1673163885857,0,SE CON MEN JAN/19,SE,2019-02-01,92,14,77
146,2019-01-08,83.5,174.54730538922158,0,SE CON MEN JAN/19,SE,2019-02-01,92,13,78
147,2019-01-09,68.8,168.8388081395349,0,SE CON MEN JAN/19,SE,2019-02-01,92,12,79
148,2019-01-10,63.54,169.16918476550202,0,SE CON MEN JAN/19,SE,2019-02-01,92,11,80
149,2019-01-11,98.24,169.7760586319218,0,SE CON MEN JAN/19,SE,2019-02-01,92,10,81
150,2019-01-14,39.2,170.41326530612244,0,SE CON MEN JAN/19,SE,2019-02-01,92,9,82
151,2019-01-15,111.6,171.46236559139786,0,SE CON MEN JAN/19,SE,2019-02-01,92,8,83
152,2019-01-16,42.0,172.20238095238096,0,SE CON MEN JAN/19,SE,2019-02-01,92,7,84
153,2019-01-17,144.57,173.53707546517256,0,SE CON MEN JAN/19,SE,2019-02-01,92,6,85
154,2019-01-18,48.8,175.09631147540986,0,SE CON MEN JAN/19,SE,2019-02-01,92,5,86
155,2019-01-21,40.8,184.59803921568627,0,SE CON MEN JAN/19,SE,2019-02-01,92,4,87
156,2019-01-22,30.8,185.49353896103892,0,SE CON MEN JAN/19,SE,2019-02-01,92,3,88
157,2019-01-23,40.5,190.7074074074074,0,SE CON MEN JAN/19,SE,2019-02-01,92,2,89
158,2019-01-24,200.5,192.2718204488778,0,SE CON MEN JAN/19,SE,2019-02-01,92,1,90
159,2019-01-29,1.4,190.0,0,SE CON MEN JAN/19,SE,2019-02-01,92,0,91
160,2019-08-09,1.3,176.0,5,SE CON MEN JAN/20,SE,2020-02-01,75,74,0
161,2019-08-13,3.0,176.5,5,SE CON MEN JAN/20,SE,2020-02-01,75,73,1
162,2019-08-27,4.0,165.0,5,SE CON MEN JAN/20,SE,2020-02-01,75,72,2
163,2019-09-03,3.0,165.5,4,SE CON MEN JAN/20,SE,2020-02-01,75,71,3
164,2019-09-04,10.75,100.0,4,SE CON MEN JAN/20,SE,2020-02-01,75,70,4
165,2019-09-24,30.0,169.33333333333334,4,SE CON MEN JAN/20,SE,2020-02-01,75,69,5
166,2019-10-04,1.0,190.0,3,SE CON MEN JAN/20,SE,2020-02-01,75,68,6
167,2019-10-07,2.0,199.0,3,SE CON MEN JAN/20,SE,2020-02-01,75,67,7
168,2019-10-08,22.0,199.54545454545453,3,SE CON MEN JAN/20,SE,2020-02-01,75,66,8
169,2019-10-09,47.0,181.48936170212767,3,SE CON MEN JAN/20,SE,2020-02-01,75,65,9
170,2019-10-10,31.75,211.7007874015748,3,SE CON MEN JAN/20,SE,2020-02-01,75,64,10
171,2019-10-11,38.0,205.71052631578948,3,SE CON MEN JAN/20,SE,2020-02-01,75,63,11
172,2019-10-14,6.0,218.02166666666668,3,SE CON MEN JAN/20,SE,2020-02-01,75,62,12
173,2019-10-18,1.0,207.5,3,SE CON MEN JAN/20,SE,2020-02-01,75,61,13
174,2019-10-21,2.0,210.0,3,SE CON MEN JAN/20,SE,2020-02-01,75,60,14
175,2019-10-22,5.0,211.0,3,SE CON MEN JAN/20,SE,2020-02-01,75,59,15
176,2019-10-23,20.0,214.545,3,SE CON MEN JAN/20,SE,2020-02-01,75,58,16
177,2019-10-24,4.0,222.0,3,SE CON MEN JAN/20,SE,2020-02-01,75,57,17
178,2019-10-25,1.0,230.0,3,SE CON MEN JAN/20,SE,2020-02-01,75,56,18
179,2019-10-30,6.0,217.5,3,SE CON MEN JAN/20,SE,2020-02-01,75,55,19
180,2019-10-31,13.0,208.53846153846155,3,SE CON MEN JAN/20,SE,2020-02-01,75,54,20
181,2019-11-01,36.0,204.51388888888889,2,SE CON MEN JAN/20,SE,2020-02-01,75,53,21
182,2019-11-04,41.0,190.0,2,SE CON MEN JAN/20,SE,2020-02-01,75,52,22
183,2019-11-05,13.9,192.45323741007192,2,SE CON MEN JAN/20,SE,2020-02-01,75,51,23
184,2019-11-06,39.0,205.3846153846154,2,SE CON MEN JAN/20,SE,2020-02-01,75,50,24
185,2019-11-07,4.4,204.5909090909091,2,SE CON MEN JAN/20,SE,2020-02-01,75,49,25
186,2019-11-08,37.2,211.6989247311828,2,SE CON MEN JAN/20,SE,2020-02-01,75,48,26
187,2019-11-11,65.2,232.93558282208588,2,SE CON MEN JAN/20,SE,2020-02-01,75,47,27
188,2019-11-12,58.1,237.74956970740104,2,SE CON MEN JAN/20,SE,2020-02-01,75,46,28
189,2019-11-13,67.0,232.329104477612,2,SE CON MEN JAN/20,SE,2020-02-01,75,45,29
190,2019-11-14,22.0,234.63636363636363,2,SE CON MEN JAN/20,SE,2020-02-01,75,44,30
191,2019-11-18,54.3,221.4206261510129,2,SE CON MEN JAN/20,SE,2020-02-01,75,43,31
192,2019-11-19,49.5,212.22222222222223,2,SE CON MEN JAN/20,SE,2020-02-01,75,42,32
193,2019-11-20,3.0,218.66666666666663,2,SE CON MEN JAN/20,SE,2020-02-01,75,41,33
194,2019-11-21,14.7,219.31972789115648,2,SE CON MEN JAN/20,SE,2020-02-01,75,40,34
195,2019-11-22,23.7,224.8016877637131,2,SE CON MEN JAN/20,SE,2020-02-01,75,39,35
196,2019-11-25,51.8,212.7374517374517,2,SE CON MEN JAN/20,SE,2020-02-01,75,38,36
197,2019-11-26,70.68,200.9903791737408,2,SE CON MEN JAN/20,SE,2020-02-01,75,37,37
198,2019-11-27,184.9,190.8715521903732,2,SE CON MEN JAN/20,SE,2020-02-01,75,36,38
199,2019-11-28,120.6,187.3847429519072,2,SE CON MEN JAN/20,SE,2020-02-01,75,35,39
200,2019-11-29,35.0,194.75714285714287,2,SE CON MEN JAN/20,SE,2020-02-01,75,34,40
201,2019-12-02,92.5,180.09297297297294,1,SE CON MEN JAN/20,SE,2020-02-01,75,33,41
202,2019-12-03,71.05,180.78958479943705,1,SE CON MEN JAN/20,SE,2020-02-01,75,32,42
203,2019-12-04,123.4,175.73136142625606,1,SE CON MEN JAN/20,SE,2020-02-01,75,31,43
204,2019-12-05,51.0,173.0235294117647,1,SE CON MEN JAN/20,SE,2020-02-01,75,30,44
205,2019-12-06,22.07,178.53738106026282,1,SE CON MEN JAN/20,SE,2020-02-01,75,29,45
206,2019-12-09,135.5,203.96414022140223,1,SE CON MEN JAN/20,SE,2020-02-01,75,28,46
207,2019-12-10,24.3,197.06378600823044,1,SE CON MEN JAN/20,SE,2020-02-01,75,27,47
208,2019-12-11,85.4,207.3629976580796,1,SE CON MEN JAN/20,SE,2020-02-01,75,26,48
209,2019-12-12,88.5,214.85875706214688,1,SE CON MEN JAN/20,SE,2020-02-01,75,25,49
210,2019-12-13,126.3,210.55146476642915,1,SE CON MEN JAN/20,SE,2020-02-01,75,24,50
211,2019-12-16,129.4,199.2745749613601,1,SE CON MEN JAN/20,SE,2020-02-01,75,23,51
212,2019-12-17,81.6,189.97316176470588,1,SE CON MEN JAN/20,SE,2020-02-01,75,22,52
213,2019-12-18,98.0,192.46326530612245,1,SE CON MEN JAN/20,SE,2020-02-01,75,21,53
214,2019-12-19,89.4,191.5359060402685,1,SE CON MEN JAN/20,SE,2020-02-01,75,20,54
215,2019-12-20,124.8,194.57762019230768,1,SE CON MEN JAN/20,SE,2020-02-01,75,19,55
216,2019-12-23,321.9,219.46995961478723,1,SE CON MEN JAN/20,SE,2020-02-01,75,18,56
217,2019-12-26,228.3,271.0742006132282,1,SE CON MEN JAN/20,SE,2020-02-01,75,17,57
218,2019-12-27,255.78,299.80995386660413,1,SE CON MEN JAN/20,SE,2020-02-01,75,16,58
219,2019-12-30,67.9,315.0148748159057,1,SE CON MEN JAN/20,SE,2020-02-01,75,15,59
220,2020-01-02,211.5,350.07598108747044,0,SE CON MEN JAN/20,SE,2020-02-01,75,14,60
221,2020-01-03,193.3,328.4856182100362,0,SE CON MEN JAN/20,SE,2020-02-01,75,13,61
222,2020-01-06,165.6,294.1084541062802,0,SE CON MEN JAN/20,SE,2020-02-01,75,12,62
223,2020-01-07,234.4,297.2820819112628,0,SE CON MEN JAN/20,SE,2020-02-01,75,11,63
224,2020-01-08,114.2,288.1841155866901,0,SE CON MEN JAN/20,SE,2020-02-01,75,10,64
225,2020-01-09,63.0,291.85809523809525,0,SE CON MEN JAN/20,SE,2020-02-01,75,9,65
226,2020-01-10,7.1,294.9281690140845,0,SE CON MEN JAN/20,SE,2020-02-01,75,8,66
227,2020-01-13,108.0,317.5696296296297,0,SE CON MEN JAN/20,SE,2020-02-01,75,7,67
228,2020-01-14,47.9,324.2609603340292,0,SE CON MEN JAN/20,SE,2020-02-01,75,6,68
229,2020-01-15,71.8,321.16922005571035,0,SE CON MEN JAN/20,SE,2020-02-01,75,5,69
230,2020-01-17,39.4,319.5977157360406,0,SE CON MEN JAN/20,SE,2020-02-01,75,4,70
231,2020-01-20,92.41,321.7224326371605,0,SE CON MEN JAN/20,SE,2020-02-01,75,3,71
232,2020-01-21,77.4,323.24160206718346,0,SE CON MEN JAN/20,SE,2020-02-01,75,2,72
233,2020-01-22,79.0,322.77848101265823,0,SE CON MEN JAN/20,SE,2020-02-01,75,1,73
234,2020-01-23,43.0,321.4767441860465,0,SE CON MEN JAN/20,SE,2020-02-01,75,0,74
235,2020-08-18,5.0,110.0,5,SE CON MEN JAN/21,SE,2021-02-01,80,79,0
236,2020-08-20,0.3,109.5,5,SE CON MEN JAN/21,SE,2021-02-01,80,78,1
237,2020-08-27,20.0,114.0,5,SE CON MEN JAN/21,SE,2021-02-01,80,77,2
238,2020-09-10,5.5,115.0,4,SE CON MEN JAN/21,SE,2021-02-01,80,76,3
239,2020-09-18,4.0,118.0,4,SE CON MEN JAN/21,SE,2021-02-01,80,75,4
240,2020-09-21,4.0,129.5,4,SE CON MEN JAN/21,SE,2021-02-01,80,74,5
241,2020-10-05,3.0,185.0,3,SE CON MEN JAN/21,SE,2021-02-01,80,73,6
242,2020-10-06,2.0,200.0,3,SE CON MEN JAN/21,SE,2021-02-01,80,72,7
243,2020-10-07,9.0,210.66666666666663,3,SE CON MEN JAN/21,SE,2021-02-01,80,71,8
244,2020-10-08,15.0,195.36,3,SE CON MEN JAN/21,SE,2021-02-01,80,70,9
245,2020-10-09,19.0,179.42105263157896,3,SE CON MEN JAN/21,SE,2021-02-01,80,69,10
246,2020-10-13,13.0,160.26923076923077,3,SE CON MEN JAN/21,SE,2021-02-01,80,68,11
247,2020-10-14,5.0,180.0,3,SE CON MEN JAN/21,SE,2021-02-01,80,67,12
248,2020-10-15,9.0,180.3333333333333,3,SE CON MEN JAN/21,SE,2021-02-01,80,66,13
249,2020-10-19,3.0,158.0,3,SE CON MEN JAN/21,SE,2021-02-01,80,65,14
250,2020-10-21,11.0,205.0909090909091,3,SE CON MEN JAN/21,SE,2021-02-01,80,64,15
251,2020-10-22,4.6,212.3913043478261,3,SE CON MEN JAN/21,SE,2021-02-01,80,63,16
252,2020-10-23,3.0,257.0,3,SE CON MEN JAN/21,SE,2021-02-01,80,62,17
253,2020-10-26,3.0,209.3333333333333,3,SE CON MEN JAN/21,SE,2021-02-01,80,61,18
254,2020-10-28,11.0,205.3636363636364,3,SE CON MEN JAN/21,SE,2021-02-01,80,60,19
255,2020-10-29,21.0,227.3809523809524,3,SE CON MEN JAN/21,SE,2021-02-01,80,59,20
256,2020-10-30,129.0,241.1922480620155,3,SE CON MEN JAN/21,SE,2021-02-01,80,58,21
257,2020-11-03,17.5,290.56571428571425,2,SE CON MEN JAN/21,SE,2021-02-01,80,57,22
258,2020-11-04,26.5,305.0716981132076,2,SE CON MEN JAN/21,SE,2021-02-01,80,56,23
259,2020-11-05,48.0,267.7895833333334,2,SE CON MEN JAN/21,SE,2021-02-01,80,55,24
260,2020-11-06,48.5,282.1468041237113,2,SE CON MEN JAN/21,SE,2021-02-01,80,54,25
261,2020-11-09,73.6,264.8654891304348,2,SE CON MEN JAN/21,SE,2021-02-01,80,53,26
262,2020-11-10,197.9,269.5830722587165,2,SE CON MEN JAN/21,SE,2021-02-01,80,52,27
263,2020-11-11,59.0,292.6727966101695,2,SE CON MEN JAN/21,SE,2021-02-01,80,51,28
264,2020-11-12,120.07,309.62963271425,2,SE CON MEN JAN/21,SE,2021-02-01,80,50,29
265,2020-11-13,86.6,331.957494226328,2,SE CON MEN JAN/21,SE,2021-02-01,80,49,30
266,2020-11-16,91.0,379.6406593406594,2,SE CON MEN JAN/21,SE,2021-02-01,80,48,31
267,2020-11-17,132.1,369.37093111279336,2,SE CON MEN JAN/21,SE,2021-02-01,80,47,32
268,2020-11-18,98.1,357.2449541284403,2,SE CON MEN JAN/21,SE,2021-02-01,80,46,33
269,2020-11-19,85.0,373.7784705882353,2,SE CON MEN JAN/21,SE,2021-02-01,80,45,34
270,2020-11-20,62.3,379.15088282504007,2,SE CON MEN JAN/21,SE,2021-02-01,80,44,35
271,2020-11-23,125.2,395.51845047923314,2,SE CON MEN JAN/21,SE,2021-02-01,80,43,36
272,2020-11-24,208.6,363.5167785234899,2,SE CON MEN JAN/21,SE,2021-02-01,80,42,37
273,2020-11-25,227.3,339.32182138143423,2,SE CON MEN JAN/21,SE,2021-02-01,80,41,38
274,2020-11-26,189.5,360.149525065963,2,SE CON MEN JAN/21,SE,2021-02-01,80,40,39
275,2020-11-27,229.0,330.7116681222708,2,SE CON MEN JAN/21,SE,2021-02-01,80,39,40
276,2020-11-30,419.0,257.036799522673,2,SE CON MEN JAN/21,SE,2021-02-01,80,38,41
277,2020-12-01,261.8,211.4551527883881,1,SE CON MEN JAN/21,SE,2021-02-01,80,37,42
278,2020-12-02,288.5,198.67530329289428,1,SE CON MEN JAN/21,SE,2021-02-01,80,36,43
279,2020-12-03,202.7,205.01484953132712,1,SE CON MEN JAN/21,SE,2021-02-01,80,35,44
280,2020-12-04,374.0,179.32532352941178,1,SE CON MEN JAN/21,SE,2021-02-01,80,34,45
281,2020-12-07,305.2,229.83017693315853,1,SE CON MEN JAN/21,SE,2021-02-01,80,33,46
282,2020-12-08,386.02,269.5113828299052,1,SE CON MEN JAN/21,SE,2021-02-01,80,32,47
283,2020-12-09,360.6,282.4686827509706,1,SE CON MEN JAN/21,SE,2021-02-01,80,31,48
284,2020-12-10,301.8,254.9816070245196,1,SE CON MEN JAN/21,SE,2021-02-01,80,30,49
285,2020-12-11,236.9,229.7507809202195,1,SE CON MEN JAN/21,SE,2021-02-01,80,29,50
286,2020-12-14,296.3,194.34213634829564,1,SE CON MEN JAN/21,SE,2021-02-01,80,28,51
287,2020-12-15,115.98,198.5983790308674,1,SE CON MEN JAN/21,SE,2021-02-01,80,27,52
288,2020-12-16,229.2,199.3064572425829,1,SE CON MEN JAN/21,SE,2021-02-01,80,26,53
289,2020-12-17,92.4,190.67646103896104,1,SE CON MEN JAN/21,SE,2021-02-01,80,25,54
290,2020-12-18,166.2,199.7320697954272,1,SE CON MEN JAN/21,SE,2021-02-01,80,24,55
291,2020-12-21,102.0,204.77245098039216,1,SE CON MEN JAN/21,SE,2021-02-01,80,23,56
292,2020-12-22,296.4,234.5160222672065,1,SE CON MEN JAN/21,SE,2021-02-01,80,22,57
293,2020-12-23,379.5,288.8060052700922,1,SE CON MEN JAN/21,SE,2021-02-01,80,21,58
294,2020-12-28,155.5,317.3446237942122,1,SE CON MEN JAN/21,SE,2021-02-01,80,20,59
295,2020-12-29,78.7,280.3440914866582,1,SE CON MEN JAN/21,SE,2021-02-01,80,19,60
296,2020-12-30,159.6,262.1935839598997,1,SE CON MEN JAN/21,SE,2021-02-01,80,18,61
297,2021-01-04,132.2,296.106278366112,0,SE CON MEN JAN/21,SE,2021-02-01,80,17,62
298,2021-01-05,56.5,265.3150442477876,0,SE CON MEN JAN/21,SE,2021-02-01,80,16,63
299,2021-01-06,65.8,271.12686930091184,0,SE CON MEN JAN/21,SE,2021-02-01,80,15,64
300,2021-01-07,138.7,283.3120331651046,0,SE CON MEN JAN/21,SE,2021-02-01,80,14,65
301,2021-01-08,57.3,283.91623036649213,0,SE CON MEN JAN/21,SE,2021-02-01,80,13,66
302,2021-01-11,214.4,285.76875,0,SE CON MEN JAN/21,SE,2021-02-01,80,12,67
303,2021-01-12,90.9,280.0170517051705,0,SE CON MEN JAN/21,SE,2021-02-01,80,11,68
304,2021-01-13,95.3,274.85257082896123,0,SE CON MEN JAN/21,SE,2021-02-01,80,10,69
305,2021-01-14,50.0,270.454,0,SE CON MEN JAN/21,SE,2021-02-01,80,9,70
306,2021-01-15,36.6,265.8333333333333,0,SE CON MEN JAN/21,SE,2021-02-01,80,8,71
307,2021-01-18,74.7,266.1587014725569,0,SE CON MEN JAN/21,SE,2021-02-01,80,7,72
308,2021-01-19,19.4,265.7448453608248,0,SE CON MEN JAN/21,SE,2021-02-01,80,6,73
309,2021-01-20,70.4,257.7640767045454,0,SE CON MEN JAN/21,SE,2021-02-01,80,5,74
310,2021-01-21,64.2,252.6590342679128,0,SE CON MEN JAN/21,SE,2021-02-01,80,4,75
311,2021-01-22,5.3,247.00094339622643,0,SE CON MEN JAN/21,SE,2021-02-01,80,3,76
312,2021-01-25,6.800000000000001,247.00000000000003,0,SE CON MEN JAN/21,SE,2021-02-01,80,2,77
313,2021-01-26,8.3,246.6265060240964,0,SE CON MEN JAN/21,SE,2021-02-01,80,1,78
314,2021-01-28,23.0,243.4913043478261,0,SE CON MEN JAN/21,SE,2021-02-01,80,0,79
315,2021-05-28,1.0,330.0,8,SE CON MEN JAN/22,SE,2022-02-01,87,86,0
316,2021-06-29,2.0,470.0,7,SE CON MEN JAN/22,SE,2022-02-01,87,85,1
317,2021-07-05,2.0,413.0,6,SE CON MEN JAN/22,SE,2022-02-01,87,84,2
318,2021-08-13,1.0,526.5,5,SE CON MEN JAN/22,SE,2022-02-01,87,83,3
319,2021-08-17,6.5,518.0,5,SE CON MEN JAN/22,SE,2022-02-01,87,82,4
320,2021-08-18,33.0,510.45454545454544,5,SE CON MEN JAN/22,SE,2022-02-01,87,81,5
321,2021-08-27,11.0,505.0,5,SE CON MEN JAN/22,SE,2022-02-01,87,80,6
322,2021-08-30,5.5,508.0,5,SE CON MEN JAN/22,SE,2022-02-01,87,79,7
323,2021-08-31,15.0,505.5,5,SE CON MEN JAN/22,SE,2022-02-01,87,78,8
324,2021-09-03,3.0,506.5,4,SE CON MEN JAN/22,SE,2022-02-01,87,77,9
325,2021-09-08,15.0,505.0,4,SE CON MEN JAN/22,SE,2022-02-01,87,76,10
326,2021-09-09,13.0,512.0,4,SE CON MEN JAN/22,SE,2022-02-01,87,75,11
327,2021-09-13,3.0,500.0,4,SE CON MEN JAN/22,SE,2022-02-01,87,74,12
328,2021-09-14,8.0,501.0,4,SE CON MEN JAN/22,SE,2022-02-01,87,73,13
329,2021-09-16,46.16,499.025129982669,4,SE CON MEN JAN/22,SE,2022-02-01,87,72,14
330,2021-09-17,10.0,503.0,4,SE CON MEN JAN/22,SE,2022-02-01,87,71,15
331,2021-09-20,28.0,501.6428571428572,4,SE CON MEN JAN/22,SE,2022-02-01,87,70,16
332,2021-09-21,27.74,502.2790194664744,4,SE CON MEN JAN/22,SE,2022-02-01,87,69,17
333,2021-09-22,10.0,499.0,4,SE CON MEN JAN/22,SE,2022-02-01,87,68,18
334,2021-09-27,18.0,466.05555555555554,4,SE CON MEN JAN/22,SE,2022-02-01,87,67,19
335,2021-09-28,29.0,433.9655172413793,4,SE CON MEN JAN/22,SE,2022-02-01,87,66,20
336,2021-09-30,12.0,414.75,4,SE CON MEN JAN/22,SE,2022-02-01,87,65,21
337,2021-10-01,16.0,413.875,3,SE CON MEN JAN/22,SE,2022-02-01,87,64,22
338,2021-10-04,69.0,359.9173913043478,3,SE CON MEN JAN/22,SE,2022-02-01,87,63,23
339,2021-10-05,53.0,346.1320754716981,3,SE CON MEN JAN/22,SE,2022-02-01,87,62,24
340,2021-10-06,78.0,345.89102564102564,3,SE CON MEN JAN/22,SE,2022-02-01,87,61,25
341,2021-10-07,54.0,303.9,3,SE CON MEN JAN/22,SE,2022-02-01,87,60,26
342,2021-10-08,24.0,307.4370833333333,3,SE CON MEN JAN/22,SE,2022-02-01,87,59,27
343,2021-10-11,2.0,320.0,3,SE CON MEN JAN/22,SE,2022-02-01,87,58,28
344,2021-10-13,27.1,310.5719557195572,3,SE CON MEN JAN/22,SE,2022-02-01,87,57,29
345,2021-10-14,80.3,293.55180572851805,3,SE CON MEN JAN/22,SE,2022-02-01,87,56,30
346,2021-10-15,74.0,279.895945945946,3,SE CON MEN JAN/22,SE,2022-02-01,87,55,31
347,2021-10-18,47.0,268.02978723404254,3,SE CON MEN JAN/22,SE,2022-02-01,87,54,32
348,2021-10-19,41.7,317.3453237410072,3,SE CON MEN JAN/22,SE,2022-02-01,87,53,33
349,2021-10-20,61.0,309.6786885245902,3,SE CON MEN JAN/22,SE,2022-02-01,87,52,34
350,2021-10-21,131.7,297.771298405467,3,SE CON MEN JAN/22,SE,2022-02-01,87,51,35
351,2021-10-22,93.0,278.8666666666667,3,SE CON MEN JAN/22,SE,2022-02-01,87,50,36
352,2021-10-25,93.39,255.6937573616019,3,SE CON MEN JAN/22,SE,2022-02-01,87,49,37
353,2021-10-26,50.3,243.80616302186883,3,SE CON MEN JAN/22,SE,2022-02-01,87,48,38
354,2021-10-27,36.3,259.7658402203857,3,SE CON MEN JAN/22,SE,2022-02-01,87,47,39
355,2021-10-29,33.5,277.07462686567163,3,SE CON MEN JAN/22,SE,2022-02-01,87,46,40
356,2021-11-01,67.0,267.4694029850747,2,SE CON MEN JAN/22,SE,2022-02-01,87,45,41
357,2021-11-03,153.0,235.1176470588236,2,SE CON MEN JAN/22,SE,2022-02-01,87,44,42
358,2021-11-04,85.2,240.34894366197184,2,SE CON MEN JAN/22,SE,2022-02-01,87,43,43
359,2021-11-05,125.0,228.3248,2,SE CON MEN JAN/22,SE,2022-02-01,87,42,44
360,2021-11-08,197.95,212.05084617327608,2,SE CON MEN JAN/22,SE,2022-02-01,87,41,45
361,2021-11-10,125.1,192.7074340527578,2,SE CON MEN JAN/22,SE,2022-02-01,87,40,46
362,2021-11-11,123.3,185.8659367396594,2,SE CON MEN JAN/22,SE,2022-02-01,87,39,47
363,2021-11-12,105.5,193.2093838862559,2,SE CON MEN JAN/22,SE,2022-02-01,87,38,48
364,2021-11-16,145.8,214.1162551440329,2,SE CON MEN JAN/22,SE,2022-02-01,87,37,49
365,2021-11-17,126.65,193.35223055665224,2,SE CON MEN JAN/22,SE,2022-02-01,87,36,50
366,2021-11-18,66.3,186.4221719457013,2,SE CON MEN JAN/22,SE,2022-02-01,87,35,51
367,2021-11-19,115.2,190.22569444444449,2,SE CON MEN JAN/22,SE,2022-02-01,87,34,52
368,2021-11-22,252.1,217.8092026973424,2,SE CON MEN JAN/22,SE,2022-02-01,87,33,53
369,2021-11-23,129.8,209.05939907550075,2,SE CON MEN JAN/22,SE,2022-02-01,87,32,54
370,2021-11-24,97.2,202.5756172839506,2,SE CON MEN JAN/22,SE,2022-02-01,87,31,55
371,2021-11-25,75.0,194.1572,2,SE CON MEN JAN/22,SE,2022-02-01,87,30,56
372,2021-11-26,128.6,183.5148211508554,2,SE CON MEN JAN/22,SE,2022-02-01,87,29,57
373,2021-11-29,70.5,186.69929078014184,2,SE CON MEN JAN/22,SE,2022-02-01,87,28,58
374,2021-11-30,88.68,180.7348331078033,2,SE CON MEN JAN/22,SE,2022-02-01,87,27,59
375,2021-12-01,74.4,183.4952956989248,1,SE CON MEN JAN/22,SE,2022-02-01,87,26,60
376,2021-12-06,260.7,243.03197928653623,1,SE CON MEN JAN/22,SE,2022-02-01,87,25,61
377,2021-12-07,148.5,229.834936026936,1,SE CON MEN JAN/22,SE,2022-02-01,87,24,62
378,2021-12-08,138.75,212.6746544144144,1,SE CON MEN JAN/22,SE,2022-02-01,87,23,63
379,2021-12-13,428.9,178.80458148752624,1,SE CON MEN JAN/22,SE,2022-02-01,87,22,64
380,2021-12-14,242.4,160.6893564356436,1,SE CON MEN JAN/22,SE,2022-02-01,87,21,65
381,2021-12-15,144.05,175.2676154113155,1,SE CON MEN JAN/22,SE,2022-02-01,87,20,66
382,2021-12-17,139.5,160.10924731182797,1,SE CON MEN JAN/22,SE,2022-02-01,87,19,67
383,2021-12-22,129.8,173.41621725731892,1,SE CON MEN JAN/22,SE,2022-02-01,87,18,68
384,2021-12-27,264.65,123.25259777064043,1,SE CON MEN JAN/22,SE,2022-02-01,87,17,69
385,2021-12-28,93.4,108.96167023554604,1,SE CON MEN JAN/22,SE,2022-02-01,87,16,70
386,2021-12-29,142.3,97.15541110330288,1,SE CON MEN JAN/22,SE,2022-02-01,87,15,71
387,2022-01-03,95.5,79.39769633507854,0,SE CON MEN JAN/22,SE,2022-02-01,87,14,72
388,2022-01-04,108.3,80.78421052631579,0,SE CON MEN JAN/22,SE,2022-02-01,87,13,73
389,2022-01-06,31.1,74.71414790996785,0,SE CON MEN JAN/22,SE,2022-02-01,87,12,74
390,2022-01-07,46.8,70.82403846153846,0,SE CON MEN JAN/22,SE,2022-02-01,87,11,75
391,2022-01-10,91.9,68.52279651795429,0,SE CON MEN JAN/22,SE,2022-02-01,87,10,76
392,2022-01-11,44.9,68.58708240534523,0,SE CON MEN JAN/22,SE,2022-02-01,87,9,77
393,2022-01-13,49.0,67.98285714285714,0,SE CON MEN JAN/22,SE,2022-02-01,87,8,78
394,2022-01-14,32.6,66.61963190184049,0,SE CON MEN JAN/22,SE,2022-02-01,87,7,79
395,2022-01-19,69.0,64.58840579710146,0,SE CON MEN JAN/22,SE,2022-02-01,87,6,80
396,2022-01-20,9.75,64.48717948717949,0,SE CON MEN JAN/22,SE,2022-02-01,87,5,81
397,2022-01-24,47.0,65.97765957446808,0,SE CON MEN JAN/22,SE,2022-02-01,87,4,82
398,2022-01-25,28.0,65.5,0,SE CON MEN JAN/22,SE,2022-02-01,87,3,83
399,2022-01-26,40.0,65.005,0,SE CON MEN JAN/22,SE,2022-02-01,87,2,84
400,2022-01-27,68.75,65.6044,0,SE CON MEN JAN/22,SE,2022-02-01,87,1,85
401,2022-01-31,1.9,65.0,0,SE CON MEN JAN/22,SE,2022-02-01,87,0,86
402,2022-02-17,5.0,201.0,11,SE CON MEN JAN/23,SE,2023-02-01,128,127,0
403,2022-03-09,6.0,210.8333333333333,10,SE CON MEN JAN/23,SE,2023-02-01,128,126,1
404,2022-03-21,3.0,212.0,10,SE CON MEN JAN/23,SE,2023-02-01,128,125,2
405,2022-04-05,1.0,195.0,9,SE CON MEN JAN/23,SE,2023-02-01,128,124,3
406,2022-04-07,30.0,196.0,9,SE CON MEN JAN/23,SE,2023-02-01,128,123,4
407,2022-04-19,2.0,189.5,9,SE CON MEN JAN/23,SE,2023-02-01,128,122,5
408,2022-04-20,1.0,189.0,9,SE CON MEN JAN/23,SE,2023-02-01,128,121,6
409,2022-04-25,19.0,180.4736842105264,9,SE CON MEN JAN/23,SE,2023-02-01,128,120,7
410,2022-05-03,10.0,178.0,8,SE CON MEN JAN/23,SE,2023-02-01,128,119,8
411,2022-05-09,1.0,193.0,8,SE CON MEN JAN/23,SE,2023-02-01,128,118,9
412,2022-05-13,6.0,204.0,8,SE CON MEN JAN/23,SE,2023-02-01,128,117,10
413,2022-06-13,3.0,172.0,7,SE CON MEN JAN/23,SE,2023-02-01,128,116,11
414,2022-06-14,5.0,168.0,7,SE CON MEN JAN/23,SE,2023-02-01,128,115,12
415,2022-06-15,4.0,163.0,7,SE CON MEN JAN/23,SE,2023-02-01,128,114,13
416,2022-06-27,3.0,163.0,7,SE CON MEN JAN/23,SE,2023-02-01,128,113,14
417,2022-06-28,23.0,160.8695652173913,7,SE CON MEN JAN/23,SE,2023-02-01,128,112,15
418,2022-06-29,18.0,160.0,7,SE CON MEN JAN/23,SE,2023-02-01,128,111,16
419,2022-06-30,10.0,158.0,7,SE CON MEN JAN/23,SE,2023-02-01,128,110,17
420,2022-07-04,1.0,170.0,6,SE CON MEN JAN/23,SE,2023-02-01,128,109,18
421,2022-07-05,3.0,170.0,6,SE CON MEN JAN/23,SE,2023-02-01,128,108,19
422,2022-07-06,3.0,165.0,6,SE CON MEN JAN/23,SE,2023-02-01,128,107,20
423,2022-07-07,2.0,154.0,6,SE CON MEN JAN/23,SE,2023-02-01,128,106,21
424,2022-07-08,5.0,157.3,6,SE CON MEN JAN/23,SE,2023-02-01,128,105,22
425,2022-07-13,12.0,168.875,6,SE CON MEN JAN/23,SE,2023-02-01,128,104,23
426,2022-07-14,1.0,169.0,6,SE CON MEN JAN/23,SE,2023-02-01,128,103,24
427,2022-07-19,4.0,179.75,6,SE CON MEN JAN/23,SE,2023-02-01,128,102,25
428,2022-07-25,3.0,157.0,6,SE CON MEN JAN/23,SE,2023-02-01,128,101,26
429,2022-07-29,3.0,159.0,6,SE CON MEN JAN/23,SE,2023-02-01,128,100,27
430,2022-08-01,30.0,155.33333333333334,5,SE CON MEN JAN/23,SE,2023-02-01,128,99,28
431,2022-08-02,4.0,159.0,5,SE CON MEN JAN/23,SE,2023-02-01,128,98,29
432,2022-08-03,9.0,163.22222222222223,5,SE CON MEN JAN/23,SE,2023-02-01,128,97,30
433,2022-08-04,14.0,163.0,5,SE CON MEN JAN/23,SE,2023-02-01,128,96,31
434,2022-08-05,4.0,160.75,5,SE CON MEN JAN/23,SE,2023-02-01,128,95,32
435,2022-08-08,1.0,154.5,5,SE CON MEN JAN/23,SE,2023-02-01,128,94,33
436,2022-08-11,7.0,156.0,5,SE CON MEN JAN/23,SE,2023-02-01,128,93,34
437,2022-08-15,2.0,150.0,5,SE CON MEN JAN/23,SE,2023-02-01,128,92,35
438,2022-08-16,28.0,147.60714285714286,5,SE CON MEN JAN/23,SE,2023-02-01,128,91,36
439,2022-08-17,10.0,147.0,5,SE CON MEN JAN/23,SE,2023-02-01,128,90,37
440,2022-08-18,12.0,143.58333333333334,5,SE CON MEN JAN/23,SE,2023-02-01,128,89,38
441,2022-08-19,5.0,140.0,5,SE CON MEN JAN/23,SE,2023-02-01,128,88,39
442,2022-08-22,10.0,138.5,5,SE CON MEN JAN/23,SE,2023-02-01,128,87,40
443,2022-08-23,19.5,139.10256410256412,5,SE CON MEN JAN/23,SE,2023-02-01,128,86,41
444,2022-08-25,72.0,140.68055555555554,5,SE CON MEN JAN/23,SE,2023-02-01,128,85,42
445,2022-08-29,3.0,133.5,5,SE CON MEN JAN/23,SE,2023-02-01,128,84,43
446,2022-08-31,3.0,135.0,5,SE CON MEN JAN/23,SE,2023-02-01,128,83,44
447,2022-09-01,12.0,131.66666666666666,4,SE CON MEN JAN/23,SE,2023-02-01,128,82,45
448,2022-09-02,23.0,122.43478260869566,4,SE CON MEN JAN/23,SE,2023-02-01,128,81,46
449,2022-09-05,48.0,116.88541666666669,4,SE CON MEN JAN/23,SE,2023-02-01,128,80,47
450,2022-09-06,81.5,117.61656441717793,4,SE CON MEN JAN/23,SE,2023-02-01,128,79,48
451,2022-09-08,3.1,114.83870967741936,4,SE CON MEN JAN/23,SE,2023-02-01,128,78,49
452,2022-09-09,5.0,116.0,4,SE CON MEN JAN/23,SE,2023-02-01,128,77,50
453,2022-09-12,15.0,117.66666666666669,4,SE CON MEN JAN/23,SE,2023-02-01,128,76,51
454,2022-09-13,24.0,115.47916666666669,4,SE CON MEN JAN/23,SE,2023-02-01,128,75,52
455,2022-09-14,23.1,111.29004329004329,4,SE CON MEN JAN/23,SE,2023-02-01,128,74,53
456,2022-09-15,108.2,110.09935304990758,4,SE CON MEN JAN/23,SE,2023-02-01,128,73,54
457,2022-09-16,66.3,111.86274509803924,4,SE CON MEN JAN/23,SE,2023-02-01,128,72,55
458,2022-09-19,172.187,102.6966205346513,4,SE CON MEN JAN/23,SE,2023-02-01,128,71,56
459,2022-09-20,174.0,94.43103448275862,4,SE CON MEN JAN/23,SE,2023-02-01,128,70,57
460,2022-09-21,63.0,92.1547619047619,4,SE CON MEN JAN/23,SE,2023-02-01,128,69,58
461,2022-09-22,17.6,92.6556818181818,4,SE CON MEN JAN/23,SE,2023-02-01,128,68,59
462,2022-09-23,68.0,90.38235294117646,4,SE CON MEN JAN/23,SE,2023-02-01,128,67,60
463,2022-09-26,63.4,90.2466876971609,4,SE CON MEN JAN/23,SE,2023-02-01,128,66,61
464,2022-09-27,83.5,85.12768862275449,4,SE CON MEN JAN/23,SE,2023-02-01,128,65,62
465,2022-09-28,61.5,80.45230894308943,4,SE CON MEN JAN/23,SE,2023-02-01,128,64,63
466,2022-09-29,47.0,78.0563829787234,4,SE CON MEN JAN/23,SE,2023-02-01,128,63,64
467,2022-09-30,56.5,74.58424778761062,4,SE CON MEN JAN/23,SE,2023-02-01,128,62,65
468,2022-10-03,32.0,74.146875,3,SE CON MEN JAN/23,SE,2023-02-01,128,61,66
469,2022-10-04,21.0,74.9047619047619,3,SE CON MEN JAN/23,SE,2023-02-01,128,60,67
470,2022-10-05,129.2,70.12925696594428,3,SE CON MEN JAN/23,SE,2023-02-01,128,59,68
471,2022-10-06,158.5,67.0031545741325,3,SE CON MEN JAN/23,SE,2023-02-01,128,58,69
472,2022-10-07,15.6,68.04807692307692,3,SE CON MEN JAN/23,SE,2023-02-01,128,57,70
473,2022-10-10,12.2,66.67213114754098,3,SE CON MEN JAN/23,SE,2023-02-01,128,56,71
474,2022-10-11,44.5,65.20224719101124,3,SE CON MEN JAN/23,SE,2023-02-01,128,55,72
475,2022-10-13,18.7,63.05347593582887,3,SE CON MEN JAN/23,SE,2023-02-01,128,54,73
476,2022-10-14,0.3,63.0,3,SE CON MEN JAN/23,SE,2023-02-01,128,53,74
477,2022-10-17,13.0,64.25384615384615,3,SE CON MEN JAN/23,SE,2023-02-01,128,52,75
478,2022-10-18,4.0,65.68625,3,SE CON MEN JAN/23,SE,2023-02-01,128,51,76
479,2022-10-19,16.2,66.31666666666666,3,SE CON MEN JAN/23,SE,2023-02-01,128,50,77
480,2022-10-20,4.8,68.0625,3,SE CON MEN JAN/23,SE,2023-02-01,128,49,78
481,2022-10-21,4.0,66.0,3,SE CON MEN JAN/23,SE,2023-02-01,128,48,79
482,2022-10-24,12.0,66.41666666666667,3,SE CON MEN JAN/23,SE,2023-02-01,128,47,80
483,2022-10-25,18.0,66.97222222222223,3,SE CON MEN JAN/23,SE,2023-02-01,128,46,81
484,2022-10-26,87.0,65.03091954022989,3,SE CON MEN JAN/23,SE,2023-02-01,128,45,82
485,2022-10-27,16.0,64.03125,3,SE CON MEN JAN/23,SE,2023-02-01,128,44,83
486,2022-10-28,6.0,64.0,3,SE CON MEN JAN/23,SE,2023-02-01,128,43,84
487,2022-10-31,11.0,63.13636363636363,3,SE CON MEN JAN/23,SE,2023-02-01,128,42,85
488,2022-11-01,29.0,62.4448275862069,2,SE CON MEN JAN/23,SE,2023-02-01,128,41,86
489,2022-11-03,72.6,63.2542699724518,2,SE CON MEN JAN/23,SE,2023-02-01,128,40,87
490,2022-11-04,22.8,63.14035087719298,2,SE CON MEN JAN/23,SE,2023-02-01,128,39,88
491,2022-11-07,60.0,62.94666666666667,2,SE CON MEN JAN/23,SE,2023-02-01,128,38,89
492,2022-11-08,126.5,60.98418972332016,2,SE CON MEN JAN/23,SE,2023-02-01,128,37,90
493,2022-11-09,123.3,61.67356042173561,2,SE CON MEN JAN/23,SE,2023-02-01,128,36,91
494,2022-11-10,15.0,62.16666666666666,2,SE CON MEN JAN/23,SE,2023-02-01,128,35,92
495,2022-11-14,2.0,63.0,2,SE CON MEN JAN/23,SE,2023-02-01,128,34,93
496,2022-11-16,69.8,62.14326647564471,2,SE CON MEN JAN/23,SE,2023-02-01,128,33,94
497,2022-11-17,15.0,62.9,2,SE CON MEN JAN/23,SE,2023-02-01,128,32,95
498,2022-11-18,66.0,62.56818181818182,2,SE CON MEN JAN/23,SE,2023-02-01,128,31,96
499,2022-11-21,39.0,62.44871794871795,2,SE CON MEN JAN/23,SE,2023-02-01,128,30,97
500,2022-11-22,8.0,61.8125,2,SE CON MEN JAN/23,SE,2023-02-01,128,29,98
501,2022-11-29,15.0,62.06666666666667,2,SE CON MEN JAN/23,SE,2023-02-01,128,28,99
502,2022-11-30,49.9,61.39478957915831,2,SE CON MEN JAN/23,SE,2023-02-01,128,27,100
503,2022-12-01,1.0,62.0,1,SE CON MEN JAN/23,SE,2023-02-01,128,26,101
504,2022-12-02,10.0,61.5,1,SE CON MEN JAN/23,SE,2023-02-01,128,25,102
505,2022-12-05,7.0,62.51428571428572,1,SE CON MEN JAN/23,SE,2023-02-01,128,24,103
506,2022-12-06,119.0,61.15546218487395,1,SE CON MEN JAN/23,SE,2023-02-01,128,23,104
507,2022-12-08,297.8,66.77693082605776,1,SE CON MEN JAN/23,SE,2023-02-01,128,22,105
508,2022-12-09,10.0,69.0,1,SE CON MEN JAN/23,SE,2023-02-01,128,21,106
509,2022-12-12,7.0,69.83571428571429,1,SE CON MEN JAN/23,SE,2023-02-01,128,20,107
510,2022-12-13,59.9212903225806,68.88599560714054,1,SE CON MEN JAN/23,SE,2023-02-01,128,19,108
511,2022-12-14,4.0,69.0,1,SE CON MEN JAN/23,SE,2023-02-01,128,18,109
512,2022-12-15,7.0,69.07142857142857,1,SE CON MEN JAN/23,SE,2023-02-01,128,17,110
513,2022-12-16,2.9,69.0,1,SE CON MEN JAN/23,SE,2023-02-01,128,16,111
514,2022-12-19,18.0,68.08888888888889,1,SE CON MEN JAN/23,SE,2023-02-01,128,15,112
515,2022-12-21,2.0,69.04,1,SE CON MEN JAN/23,SE,2023-02-01,128,14,113
516,2022-12-23,24.4,68.4,1,SE CON MEN JAN/23,SE,2023-02-01,128,13,114
517,2022-12-26,5.0,68.5,1,SE CON MEN JAN/23,SE,2023-02-01,128,12,115
518,2022-12-27,140.0,68.21571428571428,1,SE CON MEN JAN/23,SE,2023-02-01,128,11,116
519,2023-01-02,21.0,68.8047619047619,0,SE CON MEN JAN/23,SE,2023-02-01,128,10,117
520,2023-01-05,70.0,68.81428571428572,0,SE CON MEN JAN/23,SE,2023-02-01,128,9,118
521,2023-01-06,40.0,68.575,0,SE CON MEN JAN/23,SE,2023-02-01,128,8,119
522,2023-01-09,71.4,68.70098039215685,0,SE CON MEN JAN/23,SE,2023-02-01,128,7,120
523,2023-01-10,89.5,68.9363687150838,0,SE CON MEN JAN/23,SE,2023-02-01,128,6,121
524,2023-01-11,51.0,68.68137254901961,0,SE CON MEN JAN/23,SE,2023-02-01,128,5,122
525,2023-01-12,22.0,69.07272727272726,0,SE CON MEN JAN/23,SE,2023-02-01,128,4,123
526,2023-01-16,3.0,68.74,0,SE CON MEN JAN/23,SE,2023-02-01,128,3,124
527,2023-01-20,17.0,68.82941176470588,0,SE CON MEN JAN/23,SE,2023-02-01,128,2,125
528,2023-01-23,2.0,68.6,0,SE CON MEN JAN/23,SE,2023-02-01,128,1,126
529,2023-01-26,25.0,68.93719999999999,0,SE CON MEN JAN/23,SE,2023-02-01,128,0,127
530,2023-02-07,107.526882,86.525,11,SE CON MEN JAN/24,SE,2024-02-01,61,60,0
531,2023-10-06,5.0,78.0,3,SE CON MEN JAN/24,SE,2024-02-01,61,59,1
532,2023-10-11,10.0,79.0,3,SE CON MEN JAN/24,SE,2024-02-01,61,58,2
533,2023-10-16,15.0,73.0,3,SE CON MEN JAN/24,SE,2024-02-01,61,57,3
534,2023-10-17,6.0,73.63333333333333,3,SE CON MEN JAN/24,SE,2024-02-01,61,56,4
535,2023-10-19,27.2,72.45588235294117,3,SE CON MEN JAN/24,SE,2024-02-01,61,55,5
536,2023-10-25,6.0,75.0,3,SE CON MEN JAN/24,SE,2024-02-01,61,54,6
537,2023-10-27,10.0,75.0,3,SE CON MEN JAN/24,SE,2024-02-01,61,53,7
538,2023-10-31,12.0,73.08333333333333,3,SE CON MEN JAN/24,SE,2024-02-01,61,52,8
539,2023-11-01,12.0,72.79166666666667,2,SE CON MEN JAN/24,SE,2024-02-01,61,51,9
540,2023-11-03,28.0,71.42857142857143,2,SE CON MEN JAN/24,SE,2024-02-01,61,50,10
541,2023-11-08,6.0,77.0,2,SE CON MEN JAN/24,SE,2024-02-01,61,49,11
542,2023-11-10,10.0,77.7,2,SE CON MEN JAN/24,SE,2024-02-01,61,48,12
543,2023-11-16,30.0,76.33333333333333,2,SE CON MEN JAN/24,SE,2024-02-01,61,47,13
544,2023-11-17,46.0,77.51086956521739,2,SE CON MEN JAN/24,SE,2024-02-01,61,46,14
545,2023-11-21,46.5,77.87956989247311,2,SE CON MEN JAN/24,SE,2024-02-01,61,45,15
546,2023-11-22,24.0,77.0125,2,SE CON MEN JAN/24,SE,2024-02-01,61,44,16
547,2023-11-23,19.0,72.76894736842105,2,SE CON MEN JAN/24,SE,2024-02-01,61,43,17
548,2023-11-24,15.0,74.6,2,SE CON MEN JAN/24,SE,2024-02-01,61,42,18
549,2023-11-27,10.0,74.1,2,SE CON MEN JAN/24,SE,2024-02-01,61,41,19
550,2023-11-28,54.0,73.65277777777777,2,SE CON MEN JAN/24,SE,2024-02-01,61,40,20
551,2023-11-29,8.0,71.92125,2,SE CON MEN JAN/24,SE,2024-02-01,61,39,21
552,2023-11-30,5.0,72.22,2,SE CON MEN JAN/24,SE,2024-02-01,61,38,22
553,2023-12-01,10.0,71.2,1,SE CON MEN JAN/24,SE,2024-02-01,61,37,23
554,2023-12-05,5.0,71.702,1,SE CON MEN JAN/24,SE,2024-02-01,61,36,24
555,2023-12-06,70.0,72.20214285714285,1,SE CON MEN JAN/24,SE,2024-02-01,61,35,25
556,2023-12-07,81.1,72.00556103575832,1,SE CON MEN JAN/24,SE,2024-02-01,61,34,26
557,2023-12-08,19.0,70.63157894736842,1,SE CON MEN JAN/24,SE,2024-02-01,61,33,27
558,2023-12-11,103.6,71.90299227799228,1,SE CON MEN JAN/24,SE,2024-02-01,61,32,28
559,2023-12-12,172.4,74.82267981438517,1,SE CON MEN JAN/24,SE,2024-02-01,61,31,29
560,2023-12-13,80.5,73.74844720496894,1,SE CON MEN JAN/24,SE,2024-02-01,61,30,30
561,2023-12-15,5.0,73.0,1,SE CON MEN JAN/24,SE,2024-02-01,61,29,31
562,2023-12-18,214.5,76.54778554778555,1,SE CON MEN JAN/24,SE,2024-02-01,61,28,32
563,2023-12-19,280.3,71.331858722797,1,SE CON MEN JAN/24,SE,2024-02-01,61,27,33
564,2023-12-20,48.0,72.80520833333334,1,SE CON MEN JAN/24,SE,2024-02-01,61,26,34
565,2023-12-21,45.5,72.04395604395604,1,SE CON MEN JAN/24,SE,2024-02-01,61,25,35
566,2023-12-22,72.0,73.30513888888889,1,SE CON MEN JAN/24,SE,2024-02-01,61,24,36
567,2023-12-26,17.0,73.08823529411765,1,SE CON MEN JAN/24,SE,2024-02-01,61,23,37
568,2023-12-27,47.2,73.31779661016948,1,SE CON MEN JAN/24,SE,2024-02-01,61,22,38
569,2023-12-28,76.8,72.294921875,1,SE CON MEN JAN/24,SE,2024-02-01,61,21,39
570,2023-12-29,22.0,71.3409090909091,1,SE CON MEN JAN/24,SE,2024-02-01,61,20,40
571,2024-01-02,116.0,68.37155172413793,0,SE CON MEN JAN/24,SE,2024-02-01,61,19,41
572,2024-01-03,118.0,68.24152542372882,0,SE CON MEN JAN/24,SE,2024-02-01,61,18,42
573,2024-01-04,20.0,68.16499999999999,0,SE CON MEN JAN/24,SE,2024-02-01,61,17,43
574,2024-01-08,70.5,68.35957446808511,0,SE CON MEN JAN/24,SE,2024-02-01,61,16,44
575,2024-01-09,173.3,65.89815349105596,0,SE CON MEN JAN/24,SE,2024-02-01,61,15,45
576,2024-01-10,132.1,64.6451930355791,0,SE CON MEN JAN/24,SE,2024-02-01,61,14,46
577,2024-01-11,194.0,64.51427835051545,0,SE CON MEN JAN/24,SE,2024-02-01,61,13,47
578,2024-01-12,27.0,64.56148148148148,0,SE CON MEN JAN/24,SE,2024-02-01,61,12,48
579,2024-01-15,152.8,64.65202879581152,0,SE CON MEN JAN/24,SE,2024-02-01,61,11,49
580,2024-01-16,140.7,64.08658848614071,0,SE CON MEN JAN/24,SE,2024-02-01,61,10,50
581,2024-01-17,67.5,63.6902962962963,0,SE CON MEN JAN/24,SE,2024-02-01,61,9,51
582,2024-01-18,32.0,62.54375,0,SE CON MEN JAN/24,SE,2024-02-01,61,8,52
583,2024-01-19,100.0,62.1275,0,SE CON MEN JAN/24,SE,2024-02-01,61,7,53
584,2024-01-22,1.0,63.0,0,SE CON MEN JAN/24,SE,2024-02-01,61,6,54
585,2024-01-23,41.0,62.08902439024391,0,SE CON MEN JAN/24,SE,2024-02-01,61,5,55
586,2024-01-24,37.0,61.9945945945946,0,SE CON MEN JAN/24,SE,2024-02-01,61,4,56
587,2024-01-25,2.0,62.0,0,SE CON MEN JAN/24,SE,2024-02-01,61,3,57
588,2024-01-29,47.3,62.087315010570826,0,SE CON MEN JAN/24,SE,2024-02-01,61,2,58
589,2024-01-30,5.0,62.0,0,SE CON MEN JAN/24,SE,2024-02-01,61,1,59
590,2024-01-31,29.0,63.554827586206905,0,SE CON MEN JAN/24,SE,2024-02-01,61,0,60
591,2024-05-10,8.0,135.125,8,SE CON MEN JAN/25,SE,2025-02-01,10,9,0
592,2024-06-05,30.0,160.0,7,SE CON MEN JAN/25,SE,2025-02-01,10,8,1
593,2024-06-26,300.0,182.0,7,SE CON MEN JAN/25,SE,2025-02-01,10,7,2
594,2024-07-05,200.0,180.6,6,SE CON MEN JAN/25,SE,2025-02-01,10,6,3
595,2024-07-10,200.0,181.0,6,SE CON MEN JAN/25,SE,2025-02-01,10,5,4
596,2024-07-11,1.0,188.0,6,SE CON MEN JAN/25,SE,2025-02-01,10,4,5
597,2024-07-12,61.0,185.5,6,SE CON MEN JAN/25,SE,2025-02-01,10,3,6
598,2024-07-15,140.0,183.5,6,SE CON MEN JAN/25,SE,2025-02-01,10,2,7
599,2024-07-26,81.0,150.83333333333334,6,SE CON MEN JAN/25,SE,2025-02-01,10,1,8
600,2024-08-01,1.0,170.0,5,SE CON MEN JAN/25,SE,2025-02-01,10,0,9
