Data_Estudo_EPE,Submercado,Ano_referencia,Jan,Fev,Mar,Abr,Mai,Jun,Jul,Ago,Set,Out,Nov,Dez,Jan-dez
2008-2012,1,2008,3503,3582,3610,3654,3680,3666,3652,3732,3700,3741,3729,3696,3662
2008-2012,1,2009,3912,3903,3893,3892,3958,3963,3932,3971,3982,3968,3956,3921,3938
2008-2012,1,2010,4119,4109,4098,4098,4167,4172,4139,4180,4192,4177,4165,4128,4146
2008-2012,1,2011,4338,4328,4316,4316,4389,4394,4359,4403,4415,4399,4386,4347,4366
2008-2012,1,2012,5605,5556,5548,5586,5658,5691,5709,5812,5839,5851,5840,5687,5699
2008-2012,2,2008,7581,7621,7464,7510,7417,7166,7187,7394,7599,7907,7993,7850,7557
2008-2012,2,2009,8014,7966,7984,7913,7785,7643,7662,7751,7925,8104,8127,8087,7913
2008-2012,2,2010,8395,8344,8363,8289,8155,8006,8026,8120,8301,8489,8513,8471,8289
2008-2012,2,2011,8807,8754,8773,8696,8555,8399,8419,8518,8708,8906,8931,8887,8696
2008-2012,2,2012,9219,9163,9184,9103,8956,8792,8813,8916,9116,9322,9349,9302,9103
2008-2012,3,2008,31281,31833,32500,32586,31419,31820,31936,32923,32988,33189,32830,32320,32302
2008-2012,3,2009,33454,34344,34751,34159,33892,33758,33825,34287,34426,34556,34180,33649,34104
2008-2012,3,2010,35529,36452,36920,36286,35609,35470,35540,36027,36171,36308,35913,35355,35961
2008-2012,3,2011,37122,38085,38577,37914,37206,37059,37129,37637,37786,37933,37523,36943,37572
2008-2012,3,2012,38688,39689,40204,39512,38776,38624,38698,39229,39384,39534,39105,38499,39159
2008-2012,4,2008,8906,9136,8894,8689,8277,8567,8665,8483,8501,8537,8625,8757,8668
2008-2012,4,2009,9283,9491,9589,9178,8948,8933,8870,8822,8732,8781,8871,9007,9039
2008-2012,4,2010,9697,9914,10016,9587,9346,9331,9266,9216,9121,9172,9266,9408,9442
2008-2012,4,2011,10138,10365,10472,10023,9771,9755,9687,9635,9536,9589,9687,9836,9872
2008-2012,4,2012,10577,10813,10925,10457,10195,10178,10106,10052,9949,10004,10107,10262,10301
2008-2012,5,2008,51272,52171,52468,52439,50793,51218,51439,52532,52788,53374,53177,52623,52189
2008-2012,5,2009,54664,55704,56216,55142,54583,54296,54288,54831,55065,55408,55133,54663,54995
2008-2012,5,2010,57740,58819,59397,58259,57278,56979,56970,57543,57786,58146,57857,57362,57838
2008-2012,5,2011,60405,61531,62138,60948,59922,59608,59594,60192,60445,60827,60527,60012,60505
2008-2012,5,2012,64089,65221,65862,64658,63584,63286,63327,64010,64288,64711,64401,63751,64262
2009-2013,1,2009,3622,3529,3615,3596,3582,3662,3627,3615,3652,3643,3697,3688,3628
2009-2013,1,2010,3881,3872,3861,3861,3926,3931,3900,3939,3950,3936,3924,3889,3906
2009-2013,1,2011,4133,4123,4112,4111,4181,4186,4153,4194,4206,4191,5343,5200,4345
2009-2013,1,2012,5374,5326,5319,5356,5425,5458,5477,5579,5604,5617,5607,5457,5467
2009-2013,1,2013,5676,5663,5618,5657,5729,5764,5784,5891,5919,5932,5922,5763,5777
2009-2013,2,2009,7497,7518,7723,7450,7196,7191,7326,7450,7740,8018,8038,7998,7596
2009-2013,2,2010,8227,8177,8196,8123,7992,7846,7865,7957,8135,8319,8343,8301,8123
2009-2013,2,2011,8640,8587,8607,8531,8393,8240,8260,8356,8543,8737,8761,8718,8531
2009-2013,2,2012,9047,8992,9013,8933,8789,8628,8649,8750,8946,9148,9174,9129,8933
2009-2013,2,2013,9480,9423,9444,9361,9209,9041,9063,9169,9374,9586,9614,9566,9360
2009-2013,3,2009,30277,32074,33125,31207,30916,30332,31275,31939,32920,33350,33385,32869,31972
2009-2013,3,2010,33532,34402,34845,34246,33607,33476,33543,34004,34139,34269,33896,33369,33940
2009-2013,3,2011,35238,36151,36620,35990,35318,35178,35245,35728,35869,36010,35620,35069,35666
2009-2013,3,2012,36943,37897,38391,37731,37027,36882,36954,37461,37609,37752,37343,36764,37393
2009-2013,3,2013,38751,39757,40271,39578,38840,38688,38763,39295,39450,39600,39171,38564,39223
2009-2013,4,2009,8570,9130,9248,8751,8352,8471,8521,8284,8374,8673,8637,8824,8650
2009-2013,4,2010,9449,9660,9760,9342,9108,9092,9029,8980,8888,8938,9029,9168,9201
2009-2013,4,2011,9815,10034,10138,9703,9460,9444,9378,9328,9232,9284,9379,9523,9557
2009-2013,4,2012,10190,10418,10525,10074,9822,9805,9737,9684,9585,9638,9737,9887,9924
2009-2013,4,2013,10581,10818,10929,10461,10199,10182,10110,10056,9953,10008,10111,10266,10303
2009-2013,5,2009,49965,52252,53711,51004,50045,49656,50749,51288,52686,53684,53756,53379,51845
2009-2013,5,2010,55089,56111,56662,55572,54633,54345,54337,54879,55112,55461,55192,54727,55170
2009-2013,5,2011,57825,58896,59477,58335,57353,57049,57037,57606,57851,58221,59104,58511,58099
2009-2013,5,2012,61555,62633,63248,62094,61062,60773,60816,61474,61744,62156,61862,61236,61717
2009-2013,5,2013,64488,65660,66262,65056,63977,63675,63720,64411,64696,65127,64817,64159,64664
2010-2014,1,2010,3766,3859,3958,3943,3971,3975,3944,3983,3995,3980,3968,3933,3940
2010-2014,1,2011,4194,4184,4172,4172,4243,4248,4214,4256,4268,4253,4240,4202,4221
2010-2014,1,2012,4403,4392,4380,4380,4454,4460,4425,4468,4481,4465,4452,4412,4431
2010-2014,1,2013,5720,5765,5711,5756,5839,5877,5815,5940,6011,5973,6011,5856,5856
2010-2014,1,2014,6043,6092,6035,6083,6169,6211,6145,6277,6352,6309,6350,6185,6188
2010-2014,2,2010,8168,8475,8735,8357,8240,8005,8025,8118,8300,8488,8512,8470,8323
2010-2014,2,2011,8834,8780,8800,8722,8582,8425,8445,8544,8735,8933,8958,8914,8722
2010-2014,2,2012,9226,9171,9192,9110,8963,8799,8821,8924,9124,9330,9357,9310,9110
2010-2014,2,2013,9688,9629,9651,9566,9411,9239,9262,9370,9580,9797,9824,9776,9566
2010-2014,2,2014,10171,10110,10133,10043,9881,9700,9724,9837,10057,10285,10314,10263,10043
2010-2014,3,2010,34320,35986,35720,35163,33944,33700,33790,34230,34364,34497,34155,33589,34443
2010-2014,3,2011,35648,36572,37039,36407,35737,35594,35678,36172,36304,36449,36047,35480,36090
2010-2014,3,2012,37292,38292,38747,38099,37385,37247,37323,37840,37991,38130,37723,37116,37763
2010-2014,3,2013,39262,40324,40788,40103,39352,39208,39268,39803,39972,40111,39694,39062,39741
2010-2014,3,2014,40978,42088,42571,41856,41074,40925,40993,41554,41731,41874,41437,40772,41483
2010-2014,4,2010,9442,10074,9898,9426,9166,9150,9086,9037,8945,8995,9087,9227,9290
2010-2014,4,2011,9869,10089,10193,9757,9512,9496,9430,9379,9283,9335,9430,9575,9610
2010-2014,4,2012,10250,10479,10587,10133,9879,9863,9794,9741,9641,9695,9794,9945,9982
2010-2014,4,2013,10678,10916,11029,10556,10291,10274,10202,10147,10043,10099,10203,10360,10397
2010-2014,4,2014,11120,11369,11486,10994,10718,10700,10625,10568,10460,10518,10626,10789,10828
2010-2014,5,2010,55695,58394,58311,56889,55321,54831,54845,55369,55603,55960,55722,55218,55996
2010-2014,5,2011,58544,59625,60206,59058,58074,57762,57767,58351,58591,58970,58675,58171,58643
2010-2014,5,2012,61171,62334,62906,61722,60682,60369,60362,60973,61237,61620,61325,60783,61286
2010-2014,5,2013,65347,66635,67179,65981,64894,64598,64547,65260,65606,65980,65732,65053,65560
2010-2014,5,2014,68312,69658,70224,68975,67842,67537,67487,68237,68600,68986,68727,68010,68542
2011-2015,1,2011,3859,3934,4015,4104,4160,4090,3984,4114,4143,4168,4166,4143,4074
2011-2015,1,2012,4294,4289,4279,4280,4348,4338,4305,4351,4358,4357,4356,4319,4323
2011-2015,1,2013,4482,4477,4466,4467,4538,4528,5559,5682,5742,5718,5766,5622,5092
2011-2015,1,2014,5743,5797,5743,5791,5868,5891,5855,5988,6054,6028,6082,5924,5897
2011-2015,1,2015,6042,6099,6042,6093,6174,6199,6160,6301,6371,6343,6400,6233,6205
2011-2015,2,2011,8218,8329,8505,8378,8169,8093,8080,8302,8728,8943,9001,8926,8473
2011-2015,2,2012,8954,8848,8885,8771,8605,8389,8412,8591,8842,9056,9114,9039,8792
2011-2015,2,2013,9390,9279,9317,9197,9024,8797,8822,9009,9272,9497,9558,9479,9220
2011-2015,2,2014,9875,9758,9798,9673,9490,9252,9278,9474,9751,9988,10052,9969,9696
2011-2015,2,2015,10362,10239,10281,10149,9958,9708,9735,9941,10232,10480,10547,10460,10174
2011-2015,3,2011,36156,38329,36273,36194,35236,34561,34965,35680,36595,36777,36341,35665,36047
2011-2015,3,2012,37315,38276,38736,38117,37408,37184,37280,37870,38034,38222,37770,37067,37770
2011-2015,3,2013,39124,40132,40613,39965,39222,38987,39088,39706,39878,40076,39601,38864,39600
2011-2015,3,2014,40818,41869,42372,41695,40920,40675,40780,41425,41605,41811,41316,40547,41315
2011-2015,3,2015,42372,43464,43985,43283,42479,42224,42334,43004,43190,43404,42890,42092,42889
2011-2015,4,2011,10245,10538,10083,9476,9310,9385,9619,9583,9377,9461,9582,9704,9693
2011-2015,4,2012,10457,10673,10737,10266,9968,9969,9888,9884,9764,9851,9978,10104,10127
2011-2015,4,2013,10858,11082,11148,10659,10350,10350,10266,10262,10138,10229,10360,10491,10513
2011-2015,4,2014,11273,11505,11574,11067,10745,10746,10659,10655,10526,10620,10756,10893,10915
2011-2015,4,2015,11705,11946,12018,11491,11157,11158,11067,11063,10929,11027,11168,11310,11333
2011-2015,5,2011,58478,61130,58875,58151,56874,56128,56648,57679,58844,59349,59091,58438,58287
2011-2015,5,2012,61020,62087,62636,61434,60329,59880,59885,60695,60997,61488,61218,60530,61012
2011-2015,5,2013,63853,64969,65545,64289,63134,62662,63735,64658,65030,65520,65285,64457,64425
2011-2015,5,2014,67708,68930,69487,68226,67023,66564,66571,67542,67936,68447,68206,67332,67823
2011-2015,5,2015,70480,71749,72327,71016,69767,69289,69296,70308,70721,71254,71005,70095,70601
2012-2016,1,2012,4086,4151,4228,4259,4180,3993,3983,4110,4117,4116,4115,4080,4118
2012-2016,1,2013,4188,4184,4174,4175,4241,5317,5284,5405,5466,5442,5491,5347,4896
2012-2016,1,2014,5541,5593,5541,5587,5662,5684,5649,5777,5841,5816,5868,5716,5690
2012-2016,1,2015,5765,5912,5854,5906,5983,6010,5974,6114,6187,6158,6217,6048,6011
2012-2016,1,2016,6051,6061,6031,6095,6165,6196,6133,6270,6345,6306,6362,6204,6185
2012-2016,2,2012,8936,8839,9171,9077,8980,8710,8627,8794,9051,9271,9330,9253,9004
2012-2016,2,2013,9581,9468,9507,9385,9208,8977,9002,9193,9461,9691,9753,9673,9408
2012-2016,2,2014,10002,9883,9924,9797,9612,9371,9396,9596,9876,10116,10181,10097,9820
2012-2016,2,2015,10414,10291,10333,10201,10008,9757,9784,9992,10283,10533,10600,10513,10226
2012-2016,2,2016,10862,10733,10778,10639,10438,10177,10205,10421,10725,10986,11056,10965,10665
2012-2016,3,2012,36203,38708,38894,37501,35963,35695,35389,37014,37173,37364,36914,36235,36912
2012-2016,3,2013,38142,39125,39594,38961,38237,38008,38107,38710,38878,39070,38608,37889,38606
2012-2016,3,2014,39821,40847,41337,40677,39921,39681,39785,40414,40589,40791,40308,39557,40306
2012-2016,3,2015,41441,42510,43019,42332,41545,41296,41404,42060,42242,42451,41949,41167,41947
2012-2016,3,2016,42994,44103,44631,43919,43103,42844,42956,43637,43825,44042,43522,42711,43521
2012-2016,4,2012,10319,11083,10737,9864,9894,9734,9737,9863,9744,9831,9957,10083,10068
2012-2016,4,2013,10827,11050,11117,10629,10320,10321,10237,10233,10110,10200,10331,10462,10483
2012-2016,4,2014,11230,11461,11530,11025,10704,10705,10618,10614,10486,10579,10715,10851,10873
2012-2016,4,2015,11648,11888,11960,11435,11103,11104,11014,11009,10876,10973,11114,11255,11278
2012-2016,4,2016,12080,12329,12403,11859,11515,11516,11422,11417,11280,11380,11526,11672,11698
2012-2016,5,2012,59545,62782,63030,60701,59016,58133,57736,59781,60085,60581,60316,59652,60102
2012-2016,5,2013,62738,63827,64391,63151,62007,62623,62630,63541,63914,64403,64183,63370,63394
2012-2016,5,2014,66593,67785,68332,67085,65898,65442,65448,66401,66792,67302,67072,66220,66690
2012-2016,5,2015,69268,70600,71166,69874,68640,68168,68175,69175,69588,70115,69880,68983,69461
2012-2016,5,2016,71987,73227,73843,72513,71221,70733,70717,71746,72176,72714,72466,71552,72069
2013-2017,1,2013,4034,4136,4294,4224,4290,4280,4248,4294,5235,5384,5432,5296,4597
2013-2017,1,2014,5578,5630,5578,5624,5699,5722,5686,5815,5879,5854,5906,5753,5727
2013-2017,1,2015,5798,5945,5886,5939,6017,6043,6007,6148,6220,6191,6250,6081,6044
2013-2017,1,2016,6078,6088,6057,6122,6192,6223,6160,6297,6372,6333,6389,6231,6212
2013-2017,1,2017,6226,6292,6228,6286,6368,6398,6359,6511,6590,6559,6623,6439,6407
2013-2017,2,2013,9725,9815,10075,9822,9659,9111,9136,9326,9595,9824,10036,9956,9672
2013-2017,2,2014,10188,10217,10515,10224,10054,9483,9508,9708,9988,10227,10448,10365,10076
2013-2017,2,2015,10611,10641,10951,10648,10471,9876,9903,10110,10402,10652,10882,10794,10494
2013-2017,2,2016,11070,11101,11424,11108,10923,10303,10331,10547,10851,11112,11352,11261,10948
2013-2017,2,2017,11604,11636,11975,11644,11450,10800,10829,11056,11375,11648,11899,11804,11476
2013-2017,3,2013,37129,39247,38704,39138,38411,38181,38281,38886,39054,39247,39084,38562,38653
2013-2017,3,2014,39151,40980,41472,40810,40051,39811,39915,40546,40722,40924,40440,39686,40370
2013-2017,3,2015,41568,42640,43151,42462,41673,41423,41531,42188,42371,42581,42078,41293,42075
2013-2017,3,2016,43117,44229,44759,44044,43226,42967,43079,43761,43950,44168,43646,42833,43645
2013-2017,3,2017,44846,46003,46554,45811,44959,44690,44807,45516,45713,45940,45397,44551,45394
2013-2017,4,2013,10804,11268,10274,10305,10482,10458,10423,10484,10319,10559,10880,10999,10600
2013-2017,4,2014,11200,11681,11007,10683,10866,10841,10805,10868,10697,10946,11278,11402,11019
2013-2017,4,2015,11611,12109,11411,11075,11265,11239,11201,11267,11089,11347,11692,11821,11423
2013-2017,4,2016,12037,12554,11830,11481,11678,11651,11613,11680,11496,11764,12121,12255,11845
2013-2017,4,2017,12490,13026,12275,11913,12118,12090,12050,12120,11929,12207,12577,12716,12288
2013-2017,5,2013,61691,64466,63347,63489,62842,62031,62088,62990,64202,65014,65431,64813,63523
2013-2017,5,2014,66117,68509,68572,67341,66670,65857,65914,66937,67285,67951,68072,67206,67192
2013-2017,5,2015,69587,71335,71399,70124,69425,68581,68642,69713,70082,70771,70901,69989,70037
2013-2017,5,2016,72301,73972,74070,72755,72020,71144,71182,72286,72670,73377,73508,72579,72650
2013-2017,5,2017,75165,76957,77033,75654,74895,73977,74044,75203,75607,76353,76497,75510,75565
2014-2018,1,2014,5271,5273,5261,5386,5410,5365,5307,5462,5736,5686,5728,5582,5456
2014-2018,1,2015,5668,5756,5784,5825,5850,5809,5748,5922,6024,5972,6016,5863,5853
2014-2018,1,2016,5927,5970,6027,6078,6096,6157,6069,6249,6360,6293,6338,6186,6146
2014-2018,1,2017,6300,6401,6428,6477,6505,6463,6396,6595,6712,6651,6705,6527,6513
2014-2018,1,2018,6546,6652,6679,6730,6760,6716,6647,6854,6976,6913,6969,6783,6769
2014-2018,2,2014,10178,10172,10113,10045,9833,9587,9555,9716,10041,10284,10364,10202,10006
2014-2018,2,2015,10562,10529,10640,10413,10193,9937,9905,10072,10408,10661,10743,10576,10386
2014-2018,2,2016,10967,10934,11049,10813,10585,10319,10285,10459,10808,11070,11156,10982,10785
2014-2018,2,2017,11421,11386,11506,11260,11022,10746,10710,10891,11255,11528,11617,11436,11230
2014-2018,2,2018,11952,11916,12041,11784,11535,11246,11209,11398,11778,12064,12158,11968,11753
2014-2018,3,2014,40441,41847,39549,39757,38442,38115,38232,39241,39463,39813,39497,38795,39415
2014-2018,3,2015,40657,42253,42554,41271,39905,39566,39688,40736,40965,41329,41001,40272,40840
2014-2018,3,2016,42325,43987,44301,42965,41543,41191,41318,42408,42647,43026,42685,41925,42520
2014-2018,3,2017,44014,45743,46068,44679,43202,42835,42967,44101,44350,44743,44389,43598,44213
2014-2018,3,2018,45848,47649,47988,46541,45002,44620,44758,45939,46198,46608,46238,45415,46056
2014-2018,4,2014,12044,12602,11097,10928,10624,10652,10677,10712,10528,10721,10948,11059,11040
2014-2018,4,2015,11793,12243,12042,11300,10986,11015,11040,11077,10887,11086,11321,11373,11342
2014-2018,4,2016,12214,12680,12472,11703,11378,11409,11435,11472,11276,11482,11726,11779,11750
2014-2018,4,2017,12645,13127,12912,12116,11779,11811,11838,11877,11674,11887,12139,12195,12161
2014-2018,4,2018,13132,13632,13409,12582,12233,12266,12294,12334,12123,12344,12606,12664,12629
2014-2018,5,2014,67933,69894,66020,66116,64309,63719,63771,65131,65768,66504,66537,65638,65917
2014-2018,5,2015,68679,70781,71021,68808,66934,66327,66381,67807,68285,69047,69081,68083,68420
2014-2018,5,2016,71434,73571,73848,71559,69602,69076,69106,70588,71091,71870,71904,70872,71201
2014-2018,5,2017,74380,76657,76915,74533,72508,71854,71912,73464,73990,74810,74850,73756,74119
2014-2018,5,2018,77478,79849,80118,77638,75529,74847,74907,76525,77076,77930,77972,76830,77207
2015-2019,1,2015,5002,5010,5135,5205,5208,5160,5061,5476,5521,5487,5451,5391,5260
2015-2019,1,2016,5469,5488,5550,5542,5546,5438,5435,5589,5632,5571,5535,5480,5523
2015-2019,1,2017,5699,5720,5784,5776,5780,5667,5665,5825,5869,5956,5920,5857,5794
2015-2019,1,2018,6093,6115,6184,6176,6180,6059,6056,6228,6275,6207,6168,6107,6154
2015-2019,1,2019,6398,6421,6493,6484,6489,6362,6359,6539,6589,6517,6476,6411,6461
2015-2019,2,2015,10730,10540,10482,10512,10334,10068,9721,9920,10247,10490,10560,10456,10337
2015-2019,2,2016,10827,10792,10885,10670,10428,10158,10121,10328,10668,10921,10994,10886,10639
2015-2019,2,2017,11315,11279,11376,11151,10898,10616,10577,10793,11149,11413,11489,11377,11118
2015-2019,2,2018,11864,11826,11928,11693,11428,11131,11090,11317,11690,11968,12047,11929,11658
2015-2019,2,2019,12377,12338,12444,12199,11922,11613,11570,11807,12196,12485,12568,12445,12162
2015-2019,3,2015,41467,40282,39100,37477,35215,34389,34887,35474,37375,38085,37765,37358,37390
2015-2019,3,2016,38208,39656,39737,38505,37238,36818,36865,37852,38229,38654,38208,37711,38134
2015-2019,3,2017,39453,40949,41032,39760,38452,38018,38067,39086,39476,39914,39453,38940,39373
2015-2019,3,2018,40991,42545,42632,41310,39951,39500,39551,40609,41014,41470,40991,40458,40908
2015-2019,3,2019,42602,44217,44307,42933,41521,41052,41105,42205,42626,43100,42602,42048,42515
2015-2019,4,2015,12407,12232,11930,10667,10152,10253,10344,10418,10434,11090,11253,11255,11031
2015-2019,4,2016,11786,12227,11909,11199,10872,10915,10970,11014,10832,11076,11331,11361,11288
2015-2019,4,2017,12216,12673,12343,11607,11269,11314,11370,11416,11227,11480,11744,11775,11697
2015-2019,4,2018,12684,13160,12817,12052,11701,11748,11806,11854,11658,11920,12195,12227,12146
2015-2019,4,2019,13197,13692,13335,12540,12174,12223,12284,12334,12130,12403,12688,12722,12638
2015-2019,5,2015,69606,68064,66647,63861,60909,59871,60013,61288,63577,65151,65029,64460,64017
2015-2019,5,2016,66289,68164,68081,65916,64085,63329,63390,64783,65362,66221,66068,65438,65585
2015-2019,5,2017,68683,70621,70536,68294,66400,65615,65678,67120,67721,68763,68607,67949,67982
2015-2019,5,2018,71633,73647,73561,71231,69260,68438,68503,70009,70638,71565,71401,70721,70866
2015-2019,5,2019,74574,76668,76580,74156,72106,71249,71317,72885,73540,74504,74334,73626,73777
2016-2020,1,2016,5332,5448,5501,5469,5408,5104,5195,5428,5531,5412,5355,5291,5372
2016-2020,1,2017,5422,5466,5542,5587,5524,5333,5425,5663,5768,5647,5589,5524,5541
2016-2020,1,2018,5595,5640,5718,5765,5699,5502,5735,5985,6115,5996,5937,5865,5797
2016-2020,1,2019,5913,5961,6044,6093,6024,5815,5916,6176,6290,6158,6095,6024,6043
2016-2020,1,2020,6588,6641,6733,6788,6712,6479,6591,6880,7008,6860,6790,6711,6732
2016-2020,2,2016,10222,10390,10841,10663,10369,9913,9772,9928,10259,10439,10583,10580,10329
2016-2020,2,2017,10800,10744,10846,10752,10435,10195,10053,10210,10542,10723,10868,10864,10585
2016-2020,2,2018,11215,11157,11262,11165,10836,10586,10439,10602,10947,11134,11285,11282,10991
2016-2020,2,2019,11704,11643,11753,11651,11308,11048,10894,11064,11424,11620,11777,11773,11470
2016-2020,2,2020,12299,12235,12351,12244,11883,11610,11448,11627,12005,12211,12376,12372,12054
2016-2020,3,2016,38505,41819,41378,39576,37422,35279,35439,36498,37220,38020,37404,37228,37968
2016-2020,3,2017,39947,41390,40198,39029,37593,36912,37077,38172,38917,39744,39108,38926,38902
2016-2020,3,2018,41479,42978,41740,40526,39035,38328,38499,39636,40410,41269,40608,40419,40394
2016-2020,3,2019,43181,44741,43453,42188,40637,39900,40079,41263,42068,42962,42274,42077,42052
2016-2020,3,2020,45235,46869,45519,44195,42569,41798,41985,43225,44069,45005,44284,44078,44059
2016-2020,4,2016,12084,12539,11681,10849,10414,10173,10359,10418,10257,10542,10750,10832,10904
2016-2020,4,2017,11976,12344,11636,10929,10628,10654,10844,10904,10740,11030,11243,11327,11182
2016-2020,4,2018,12418,12799,12065,11332,11020,11046,11244,11306,11136,11437,11657,11745,11594
2016-2020,4,2019,12956,13354,12588,11823,11498,11525,11731,11796,11618,11933,12162,12254,12096
2016-2020,4,2020,13520,13935,13136,12337,11998,12027,12241,12309,12124,12452,12692,12787,12626
2016-2020,5,2016,66143,70196,69400,66557,63613,60469,60764,62273,63267,64412,64091,63931,64573
2016-2020,5,2017,68146,69945,68222,66297,64180,63093,63399,64949,65967,67144,66807,66641,66209
2016-2020,5,2018,70707,72574,70785,68787,66590,65463,65917,67529,68608,69836,69487,69310,68776
2016-2020,5,2019,73755,75699,73838,71756,69466,68289,68620,70298,71401,72672,72308,72128,71661
2016-2020,5,2020,77642,79681,77739,75564,73162,71913,72265,74041,75206,76528,76142,75948,75472
2017-2021,1,2017,5250,5370,5579,5579,5524,5438,5525,5776,5872,5762,5710,5627,5585
2017-2021,1,2018,5652,5694,5800,5810,5748,5546,5645,5905,5984,5863,5807,5725,5765
2017-2021,1,2019,5847,5891,5999,6010,5947,5737,5841,6110,6191,6067,6010,5924,5965
2017-2021,1,2020,6042,6089,6197,6213,6147,5937,6042,6323,6408,6283,6227,6129,6170
2017-2021,1,2021,6704,6694,6880,6888,6814,6567,6687,6993,7085,6939,6870,6782,6826
2017-2021,2,2017,10933,10697,11155,10872,10600,10351,10249,10341,10653,10870,10984,10999,10726
2017-2021,2,2018,11286,11237,11409,11281,10949,10692,10586,10681,11003,11228,11346,11360,11087
2017-2021,2,2019,11705,11655,11833,11700,11356,11089,10979,11078,11412,11645,11767,11782,11499
2017-2021,2,2020,12222,12170,12356,12217,11858,11579,11465,11568,11916,12160,12287,12303,12008
2017-2021,2,2021,12728,12674,12868,12722,12348,12058,11939,12046,12409,12663,12795,12812,12504
2017-2021,3,2017,40096,40990,40784,39655,38298,36857,36907,37800,38470,39109,38392,38224,38785
2017-2021,3,2018,40915,42383,41321,40211,38893,38245,38297,39223,39918,40581,39837,39663,39942
2017-2021,3,2019,42143,43655,42562,41419,40063,39395,39448,40403,41120,41802,41035,40857,41143
2017-2021,3,2020,43587,45149,44020,42838,41436,40745,40800,41787,42529,43234,42441,42256,42559
2017-2021,3,2021,45273,46890,45725,44498,43042,42326,42382,43409,44180,44912,44088,43896,44201
2017-2021,4,2017,11904,12714,11859,11160,10872,10717,10926,10919,10756,11036,11242,11349,11279
2017-2021,4,2018,12379,12772,12119,11356,11053,11102,11318,11311,11142,11433,11645,11756,11609
2017-2021,4,2019,12776,13182,12508,11721,11408,11458,11681,11674,11499,11800,12019,12133,11982
2017-2021,4,2020,13227,13647,12949,12135,11811,11862,12093,12086,11905,12216,12444,12562,12408
2017-2021,4,2021,13724,14159,13435,12590,12254,12308,12547,12540,12352,12675,12911,13033,12871
2017-2021,5,2017,68183,69771,69377,67266,65294,63364,63606,64836,65750,66777,66328,66198,66376
2017-2021,5,2018,70231,72086,70650,68658,66644,65584,65845,67120,68047,69104,68635,68505,68403
2017-2021,5,2019,72471,74382,72903,70850,68774,67679,67950,69265,70222,71314,70832,70696,70588
2017-2021,5,2020,75078,77056,75523,73402,71252,70124,70399,71764,72758,73893,73400,73250,73145
2017-2021,5,2021,78429,80417,78909,76699,74459,73259,73556,74987,76026,77188,76664,76523,76402
2018-2022,1,2018,5353,5502,5632,5618,5623,5579,5616,5888,5949,5869,5832,5716,5682
2018-2022,1,2019,5905,5968,6073,6089,6055,5862,5900,6185,6250,6166,6127,6006,6049
2018-2022,1,2020,6275,6342,6454,6471,6434,6229,6270,6573,6641,6552,6510,6382,6428
2018-2022,1,2021,6680,6751,6870,6889,6850,6631,6674,6997,7070,6975,6931,6794,6843
2018-2022,1,2022,7113,7189,7316,7335,7294,7061,7107,7451,7529,7428,7380,7235,7287
2018-2022,2,2018,11047,10763,10899,11043,10777,10595,10429,10584,10862,11144,11269,11265,10890
2018-2022,2,2019,11523,11536,11743,11548,11273,10980,10808,10968,11257,11549,11679,11676,11377
2018-2022,2,2020,11998,12011,12227,12024,11738,11433,11253,11420,11721,12025,12161,12157,11847
2018-2022,2,2021,12473,12487,12711,12500,12202,11885,11699,11872,12185,12501,12642,12638,12315
2018-2022,2,2022,13008,13022,13256,13036,12726,12395,12201,12381,12708,13037,13184,13180,12843
2018-2022,3,2018,40018,39744,41793,39529,38348,37899,37825,38840,39673,40339,39661,39674,39445
2018-2022,3,2019,41771,43453,42499,41045,39651,38995,38920,39964,40821,41507,40809,40822,40838
2018-2022,3,2020,43185,44924,43937,42434,40993,40315,40237,41317,42203,42911,42190,42204,42228
2018-2022,3,2021,44707,46507,45486,43930,42438,41736,41655,42773,43690,44424,43677,43691,43709
2018-2022,3,2022,46289,48153,47095,45485,43940,43213,43129,44287,45236,45996,45223,45237,45255
2018-2022,4,2018,12095,12356,12090,11333,11078,11115,11260,11296,11157,11373,11634,11765,11542
2018-2022,4,2019,12739,13229,12511,11629,11368,11406,11554,11591,11449,11670,11938,12073,11923
2018-2022,4,2020,13170,13676,12934,12022,11753,11792,11945,11983,11837,12065,12342,12481,12330
2018-2022,4,2021,13663,14188,13417,12472,12192,12233,12392,12431,12279,12516,12804,12948,12787
2018-2022,4,2022,14227,14773,13971,12987,12695,12738,12903,12945,12786,13033,13332,13483,13315
2018-2022,5,2018,68514,68365,70414,67523,65826,65188,65130,66607,67641,68724,68395,68421,67560
2018-2022,5,2019,71939,74186,72825,70312,68347,67243,67182,68709,69777,70892,70553,70576,70187
2018-2022,5,2020,74628,76953,75551,72952,70918,69768,69705,71293,72401,73554,73203,73224,72832
2018-2022,5,2021,77523,79933,78484,75791,73682,72485,72420,74074,75224,76417,76054,76071,75654
2018-2022,5,2022,80637,83138,81639,78843,76655,75406,75340,77064,78258,79494,79119,79134,78700
2019-2023,1,2019,5375,5582,5513,5461,5608,5508,5491,5669,5720,5906,5868,5753,5621
2019-2023,1,2020,5877,5940,6044,6060,6026,5834,5872,6156,6220,6137,6097,5977,6020
2019-2023,1,2021,6086,6151,6260,6276,6241,6042,6081,6376,6442,6355,6315,6190,6235
2019-2023,1,2022,6328,6508,6396,6526,6489,6282,6323,6629,6698,6608,6566,6436,6482
2019-2023,1,2023,6776,6849,6969,6988,6949,6727,6771,7098,7172,7076,7031,6892,6942
2019-2023,2,2019,11337,11546,11119,11124,11092,10261,10430,10713,11168,11457,11587,11583,11115
2019-2023,2,2020,11767,11779,11991,11792,11511,11212,11036,11200,11495,11793,11926,11922,11618
2019-2023,2,2021,12281,12294,12515,12307,12014,11702,11519,11689,11997,12308,12447,12443,12125
2019-2023,2,2022,12844,13089,12858,12872,12565,12239,12047,12226,12548,12873,13018,13014,12680
2019-2023,2,2023,13419,13433,13675,13448,13128,12786,12586,12773,13109,13449,13601,13596,13249
2019-2023,3,2019,43245,42062,40575,40437,39086,37162,36877,38688,40004,40676,39992,40005,39888
2019-2023,3,2020,42063,42795,43757,41332,39928,39267,39191,40243,41106,41796,41094,41107,41136
2019-2023,3,2021,43517,44274,45269,42760,41308,40625,40546,41634,42527,43241,42514,42528,42553
2019-2023,3,2022,45060,46875,45845,44277,42773,42066,41984,43111,44035,44775,44022,44036,44054
2019-2023,3,2023,46653,47466,48532,45843,44286,43553,43468,44635,45592,46358,45578,45593,45620
2019-2023,4,2019,13183,12758,11970,11699,11198,10821,10910,11156,11400,11620,11887,12021,11713
2019-2023,4,2020,12911,12679,13406,11785,11521,11559,11709,11747,11603,11827,12099,12235,12091
2019-2023,4,2021,13398,13157,13912,12230,11955,11995,12151,12190,12041,12274,12555,12697,12545
2019-2023,4,2022,13923,14458,13673,12710,12424,12466,12628,12669,12513,12755,13048,13195,13031
2019-2023,4,2023,14447,14187,15002,13188,12891,12934,13103,13145,12984,13235,13538,13691,13527
2019-2023,5,2019,73140,71948,69177,68721,66985,63752,63708,66226,68292,69660,69333,69362,68338
2019-2023,5,2020,72617,73193,75198,70970,68986,67872,67809,69346,70424,71553,71216,71241,70864
2019-2023,5,2021,75281,75877,77956,73574,71519,70363,70297,71889,73006,74178,73831,73858,73458
2019-2023,5,2022,78156,80931,78772,76385,74252,73052,72982,74634,75794,77011,76654,76681,76246
2019-2023,5,2023,81295,81935,84178,79466,77253,76001,75928,77651,78857,80117,79748,79772,79338
2020-2024,1,2020,5479,5615,5494,5079,5154,5174,5515,5605,5688,5750,5680,5619,5488
2020-2024,1,2021,5654,5714,5815,5831,5798,5613,5649,5923,5984,5904,5866,5750,5792
2020-2024,1,2022,5905,5968,6073,6090,6055,5862,5900,6186,6250,6166,6127,6006,6049
2020-2024,1,2023,6092,6157,6266,6283,6247,6048,6087,6382,6448,6362,6321,6196,6241
2020-2024,1,2024,6332,6398,6511,6530,6492,6285,6326,6632,6701,6611,6569,6439,6485
2020-2024,2,2020,11447,11439,10918,10043,10213,10019,10363,10560,10683,11141,11293,11361,10789
2020-2024,2,2021,11480,11492,11699,11504,11230,10938,10767,10927,11215,11505,11635,11631,11334
2020-2024,2,2022,11990,12003,12219,12016,11730,11425,11246,11413,11713,12017,12153,12149,11838
2020-2024,2,2023,12505,12518,12743,12532,12233,11915,11729,11902,12216,12533,12674,12670,12346
2020-2024,2,2024,13042,13056,13291,13070,12759,12427,12233,12414,12741,13071,13219,13215,12877
2020-2024,3,2020,40826,41192,39892,34720,35455,35548,36865,37567,38322,39186,39274,38830,38136
2020-2024,3,2021,40524,41230,42156,39820,38468,37831,37758,38771,39602,40268,39591,39604,39627
2020-2024,3,2022,42016,42748,43708,41286,39883,39224,39148,40198,41060,41750,41048,41061,41085
2020-2024,3,2023,43520,44278,45272,42763,41311,40628,40549,41637,42530,43244,42517,42531,42556
2020-2024,3,2024,44995,45779,46807,44213,42712,42005,41924,43049,43972,44710,43958,43973,44004
2020-2024,4,2020,12929,13106,12491,10443,10600,10561,10899,11092,11003,11179,11405,11754,11453
2020-2024,4,2021,12686,12458,13173,11580,11320,11358,11505,11542,11401,11621,11888,12022,11878
2020-2024,4,2022,13167,12931,13673,12020,11750,11789,11942,11981,11834,12062,12339,12478,12329
2020-2024,4,2023,13646,13400,14170,12456,12177,12217,12376,12416,12264,12501,12788,12932,12777
2020-2024,4,2024,14145,13890,14688,12912,12622,12664,12828,12870,12712,12958,13255,13405,13246
2020-2024,5,2020,70681,71352,68795,60285,61422,61301,63642,64824,65696,67256,67652,67564,65866
2020-2024,5,2021,70344,70894,72843,68735,66816,65740,65680,67163,68202,69298,68980,69007,68631
2020-2024,5,2022,73078,73649,75673,71411,69418,68299,68236,69777,70857,71995,71666,71694,71302
2020-2024,5,2023,75762,76353,78451,74034,71968,70808,70740,72337,73457,74639,74300,74329,73920
2020-2024,5,2024,78514,79124,81297,76725,74584,73381,73310,74964,76125,77350,77001,77031,76612
2021-2025,1,2021,5595,5728,5838,6036,6030,5914,5912,6053,6161,6151,6148,5940,5960
2021-2025,1,2022,5922,6042,6144,6106,6152,6057,5960,6226,6339,6329,6325,6107,6142
2021-2025,1,2023,6108,6232,6337,6298,6345,6247,6147,6421,6538,6528,6524,6300,6336
2021-2025,1,2024,6343,6471,6580,6540,6589,6487,6383,6668,6789,6778,6774,6541,6578
2021-2025,1,2025,6557,6745,6745,6761,6812,6706,6599,6893,7019,7007,7003,6763,6801
2021-2025,2,2021,11762,11721,11404,11189,10909,10847,10927,11110,11438,12030,12243,12121,11474
2021-2025,2,2022,12200,12077,12048,11859,11732,11240,11005,11328,11622,12221,12437,12313,11839
2021-2025,2,2023,12689,12561,12531,12335,12203,11691,11446,11782,12088,12711,12935,12806,12313
2021-2025,2,2024,13197,13063,13033,12828,12691,12159,11903,12254,12572,13220,13453,13319,12807
2021-2025,2,2025,13734,13569,13450,13351,13209,12655,12391,12754,13085,13758,14001,13862,13317
2021-2025,3,2021,42112,42342,42499,39709,39130,38253,36842,39021,40634,41641,40983,40961,40332
2021-2025,3,2022,43479,43798,43516,42285,40048,39252,38907,39769,41159,42181,41514,41491,41435
2021-2025,3,2023,45003,45333,45041,43767,41452,40627,40271,41163,42602,43659,42969,42946,42887
2021-2025,3,2024,46514,46855,46554,45237,42844,41959,41591,42523,44033,45125,44412,44388,44327
2021-2025,3,2025,48103,49009,47644,46782,44307,43426,43045,43998,45537,46666,45928,45904,45841
2021-2025,4,2021,12958,13253,13069,12013,11584,11693,11519,11405,11687,12058,12349,12575,12174
2021-2025,4,2022,13608,13862,13242,12635,11878,11978,11970,11961,11881,12207,12553,12783,12539
2021-2025,4,2023,14123,14387,13743,13113,12328,12431,12423,12414,12331,12669,13028,13267,13013
2021-2025,4,2024,14651,14924,14257,13603,12788,12886,12864,12868,12791,13143,13515,13763,13500
2021-2025,4,2025,15198,15710,14583,14111,13266,13378,13369,13359,13269,13634,14020,14277,14004
2021-2025,5,2021,72427,73043,72809,68946,67652,66707,65200,67589,69921,71881,71723,71597,69940
2021-2025,5,2022,75208,75778,74950,72885,69810,68527,67843,69284,71001,72937,72828,72695,71955
2021-2025,5,2023,77923,78512,77653,75513,72327,70997,70288,71780,73559,75567,75456,75319,74550
2021-2025,5,2024,80704,81314,80424,78208,74912,73491,72740,74312,76185,78266,78154,78011,77212
2021-2025,5,2025,83592,85033,82422,81005,77594,76165,75404,77005,78909,81066,80953,80805,79963
2022-2026,1,2022,5718,5879,5721,5879,6044,6092,6296,6615,6834,7406,7373,7250,6429
2022-2026,1,2023,6855,6981,7087,7048,7096,6996,6895,7173,7291,7528,7524,7297,7148
2022-2026,1,2024,7159,7290,7400,7359,7409,7306,7201,7489,7612,7600,7596,7533,7413
2022-2026,1,2025,7632,7830,7829,7846,7900,7789,7676,7986,8118,8106,8102,7848,7888
2022-2026,1,2026,7898,8043,8167,8121,8177,8061,7944,8266,8403,8391,8386,8123,8165
2022-2026,2,2022,11248,11832,11574,11470,11118,10606,10533,11008,11293,12284,12393,12319,11471
2022-2026,2,2023,12064,11942,11914,11726,11600,11110,10877,11198,11490,12353,12568,12444,11773
2022-2026,2,2024,12579,12452,12423,12228,12097,11589,11345,11680,11983,12601,12823,12696,12207
2022-2026,2,2025,13063,12906,12793,12699,12563,12037,11786,12131,12445,13086,13317,13185,12666
2022-2026,2,2026,13586,13449,13418,13207,13066,12518,12256,12616,12943,13610,13851,13712,13184
2022-2026,3,2022,41487,42861,44673,41696,38916,37876,37942,38759,40115,41601,41169,40943,40657
2022-2026,3,2023,43572,43891,43609,42375,40134,39335,38990,39854,41247,42271,41602,41580,41523
2022-2026,3,2024,44952,45282,44991,43718,41405,40551,40194,41095,42554,43610,42920,42897,42839
2022-2026,3,2025,46433,47307,45990,45158,42769,41918,41550,42471,43956,45046,44334,44310,44250
2022-2026,3,2026,47853,48204,47894,46539,44078,43201,42822,43770,45301,46425,45691,45666,45604
2022-2026,4,2022,13778,13755,13100,11580,11555,11701,11352,11657,11672,12563,12977,13094,12392
2022-2026,4,2023,13794,14051,13423,12671,11904,12006,11998,11988,11907,12644,12994,13228,12710
2022-2026,4,2024,14266,14532,13882,13245,12452,12547,12525,12529,12455,12797,13160,13401,13145
2022-2026,4,2025,14769,15266,14171,13712,12891,12999,12991,12981,12894,13248,13624,13873,13608
2022-2026,4,2026,15280,15564,14868,14187,13337,13449,13440,13430,13340,13706,14095,14353,14079
2022-2026,5,2022,72230,74327,75068,70626,67632,66275,66123,68039,69914,73854,73912,73606,70948
2022-2026,5,2023,76285,76865,76032,73820,70733,69447,68759,70213,71936,74795,74688,74548,73154
2022-2026,5,2024,78956,79555,78695,76550,73363,71992,71265,72794,74604,76608,76499,76527,75604
2022-2026,5,2025,81896,83309,80783,79415,76123,74744,74003,75569,77413,79487,79376,79216,78412
2022-2026,5,2026,84617,85261,84347,82054,78657,77229,76462,78082,79987,82132,82022,81854,81032
2023-2027,1,2023,6605,6791,6895,6856,6903,6806,6708,6978,7094,7083,7079,6858,6888
2023-2027,1,2024,7005,7133,7241,7200,7249,7148,7046,7327,7448,7437,7432,7202,7239
2023-2027,1,2025,7229,7416,7415,7431,7482,7377,7271,7562,7687,7857,7855,7606,7516
2023-2027,1,2026,7716,7858,7978,7933,7987,7875,7761,8074,8208,8196,8191,7935,7976
2023-2027,1,2027,7957,8103,8228,8181,8237,8121,8003,8327,8466,8453,8448,8183,8226
2023-2027,2,2023,11600,11815,11787,11602,11478,10997,10767,11083,11370,11956,12167,12046,11554
2023-2027,2,2024,12394,12269,12240,12048,11919,11419,11178,11509,11807,12415,12635,12509,12028
2023-2027,2,2025,12918,12762,12650,12558,12423,11903,11654,11996,12307,12940,13169,13038,12525
2023-2027,2,2026,13479,13343,13312,13103,12963,12419,12159,12516,12841,13503,13741,13604,13080
2023-2027,2,2027,13998,13857,13824,13607,13462,12897,12628,12998,13335,14022,14270,14128,13584
2023-2027,3,2023,42978,43294,43015,41798,39587,38800,38459,39311,40686,41695,41036,41014,40958
2023-2027,3,2024,44362,44687,44400,43144,40861,40018,39666,40555,41995,43037,42357,42334,42276
2023-2027,3,2025,45850,46714,45413,44591,42232,41392,41029,41938,43404,44481,43778,43754,43695
2023-2027,3,2026,47258,47605,47299,45961,43529,42664,42289,43226,44737,45847,45122,45098,45037
2023-2027,3,2027,48688,49045,48730,47351,44846,43954,43568,44534,46091,47234,46487,46462,46399
2023-2027,4,2023,13248,13652,13042,12444,11698,11797,11789,11780,11701,12022,12363,12590,12336
2023-2027,4,2024,13910,14169,13535,12915,12141,12234,12213,12216,12144,12478,12831,13066,12817
2023-2027,4,2025,14464,14951,13879,13429,12625,12731,12723,12713,12628,12975,13343,13587,13327
2023-2027,4,2026,15025,15305,14621,13951,13115,13225,13217,13207,13118,13478,13860,14114,13845
2023-2027,4,2027,15601,15892,15182,14486,13618,13733,13723,13713,13621,13995,14392,14656,14375
2023-2027,5,2023,74431,75552,74739,72700,69667,68399,67722,69152,70850,72757,72646,72507,71736
2023-2027,5,2024,77670,78257,77415,75307,72171,70819,70103,71608,73394,75367,75255,75111,74359
2023-2027,5,2025,80461,81843,79357,78009,74762,73403,72677,74210,76026,78253,78144,77985,77063
2023-2027,5,2026,83478,84111,83209,80947,77594,76183,75426,77023,78904,81024,80915,80752,79938
2023-2027,5,2027,86244,86897,85963,83625,80163,78705,77923,79572,81513,83705,83598,83429,82585
2024-2028,1,2024,7243,7373,7439,7558,7715,7732,7767,8047,8149,8080,7911,7703,7727
2024-2028,1,2025,7535,7776,7942,8102,8192,8117,8082,8425,8560,8475,8262,8039,8127
2024-2028,1,2026,7820,8305,8405,8536,8579,8535,8473,8808,8984,8902,8711,8420,8540
2024-2028,1,2027,8222,8544,8651,8786,8831,8785,8723,9073,9253,9165,8967,8666,8806
2024-2028,1,2028,8483,8776,8927,9068,9116,9066,9004,9370,9556,9465,9256,8945,9086
2024-2028,2,2024,13280,13291,13593,13260,12977,12355,12308,12512,12957,13506,13565,13341,13078
2024-2028,2,2025,13798,13879,13757,13527,13289,12819,12865,13224,13696,14288,14287,14040,13621
2024-2028,2,2026,14460,14601,14366,14175,13926,13434,13482,13858,14352,14973,14972,14713,14274
2024-2028,2,2027,14944,15090,14847,14650,14393,13884,13934,14323,14833,15475,15473,15206,14752
2024-2028,2,2028,15422,15572,15321,15118,14852,14327,14379,14780,15307,15969,15968,15692,15224
2024-2028,3,2024,45264,47051,47772,46931,45335,42709,40786,41909,42986,44836,44477,44504,44536
2024-2028,3,2025,48243,49576,47959,46746,44741,43591,43229,44083,45695,46287,45916,45944,45977
2024-2028,3,2026,49541,49662,50377,48003,45944,44764,44393,45269,46924,47532,47151,47180,47214
2024-2028,3,2027,50957,51082,51817,49376,47258,46044,45662,46564,48266,48891,48499,48529,48564
2024-2028,3,2028,52396,52524,53281,50770,48592,47343,46950,47878,49628,50271,49868,49899,49942
2024-2028,4,2024,13832,15560,14681,13925,12969,12900,12874,12964,13051,13122,13744,14117,13637
2024-2028,4,2025,15324,15675,14589,13953,13312,13352,13371,13459,13320,13658,14291,14647,14070
2024-2028,4,2026,15813,15854,15345,14398,13737,13778,13798,13888,13745,14094,14747,15114,14519
2024-2028,4,2027,16337,16380,15853,14875,14192,14235,14255,14348,14201,14561,15235,15615,15000
2024-2028,4,2028,16880,16924,16380,15369,14663,14707,14728,14825,14672,15045,15741,16133,15502
2024-2028,5,2024,79619,83275,83485,81673,78996,75697,73735,75432,77144,79544,79696,79665,78978
2024-2028,5,2025,84900,86907,84247,82327,79533,77879,77548,79191,81271,82709,82755,82669,81795
2024-2028,5,2026,87634,88423,88493,85112,82186,80510,80146,81824,84006,85501,85580,85427,84547
2024-2028,5,2027,90461,91096,91168,87687,84674,82947,82573,84308,86552,88092,88174,88016,87122
2024-2028,5,2028,93180,93797,93909,90325,87223,85443,85062,86852,89163,90750,90833,90670,89754
